,레시피명,재료,방법,열량,탄수화물,단백질,지방,당
0,스트로베리 샐러드,"스트로베리 샐러드딸기 70g(7개), 플레인요거트 85g(1개), 양상추 70g(2장), 메추리알 30g(3개), 블루베리 15g(1큰술), 식초 약간, 소금 약간","['찬물이 담긴 냄비에 식초, 소금을 넣고 메추리알을 삶는다. 물이 끓어오르면 5분 정도 더 삶아 찬물에 헹군 후 껍질을 벗기고 반으로 자른다.', '딸기를 흐르는 물에 가볍게 씻어 꼭지를 제거한 후 물기를 빼고 반으로 자른다.', '양상추는 찬물에 담갔다가 물기를 빼고 한입 크기로 찢은 후 접시에 양상추, 딸기, 블루베리, 메추리알을 담고 플레인요거트를 끼얹는다.']",195.0,30.0,7.0,5.0,138.0
1,오렌지와 당근 만남주스,"오렌지 당근펀치당근 100g(1/2개), 오렌지 100g(1/2개)","['오렌지는 깨끗이 씻어 껍질을 벗긴다.', '당근은 깨끗이 씻어 작은 토막으로 썬다.', '당근, 오렌지, 물(50ml)을 믹서에 곱게 간다.', '믹서에 갈아낸 주스는 고운 체로 거른다.', '주스를 살얼음이 생길 만큼 시원하게 냉동한다.', '컵에 담아 마무리한다.']",60.0,14.0,1.0,0.0,76.0
2,함초 냉이 국수,"●주 : 소면 50g●육수 : 함초 3g(1/2작은술), 노루궁뎅이버섯 25g(1/2개), 다시마 17g(15cm), 파 140g(1/2개), 양파 150g(1/2개), 무 250g(1/3개), 모시조개 150g(3/4컵), 냉이 35g, 간장 30g(2큰술)●장식 : 달걀 50g(1개), 청고추 20g(1개), 실고추 2g","['함초, 노루궁뎅이버섯, 다시마, 파, 양파, 무를 물에 넣어 10분 끓이고 향이 강한 모시조개와 냉이를 넣고 30분  끓인 후 간장으로 색을 낸다.  ', '소면은 따로 삶는다.', '그릇에 삶은 소면을 담은 후 육수를 붓고 지단, 슬라이스한 청고추, 실고추를 올려 완성한다.']",35.8,7.1,1.8,0.0,34.5
3,돌나물 샐러드,"●돌나물 샐러드 : 돌나물 90g, 미니새송이버섯 60g(7개), 참기름 약간●레몬마요네즈 소스 : 마요네즈 10g(2작은술), 레몬즙 20g(1⅓큰술), 청양고추 5g(1/2개), 홍고추 5g(1/2개), 참기름 약간","['청양고추와 홍고추를 다져서 참기름에 살짝 볶은 후 볶은 고추에 마요네즈와 레몬즙을 넣어 소스를 만든다.', '돌나물은 손질하여 찬물에 담구고 새송이버섯은 달군 프라이팬에 참기름을 두르고 노릇\n하게 굽는다.', '돌나물은 물기를 빼고 구운 새송이버섯과 레몬마요네즈 소스를 넣고\n버무려 접시에 담는다.']",235.0,2.0,3.0,24.0,151.0
4,파프리카 물김치,"●주 : 자색고구마 10g(3cm), 무 10g(2cm), 배 80g(1/4개), 배추 200g(1/3개), 부추 10g, 사과 80g(1/3개), 쪽파 10g(10cm), 소금 20g(1⅓큰술)●양념 : 멥쌀 10g(2작은술), 물엿 50g(1/4컵), 황파프리카 140g(1½개)","['황파프리카를 갈아 체에 내리고 멥쌀로 쌀풀을 만들어 황파프리카 즙을 섞고 물엿을 첨가하여 양념을 만든다.', '배추를 소금물에 절이고 절인 배추를 찬물로 씻어 소금기를 뺀다.', '소금기를 뺀 배추에 채썬 자색고구마, 무, 쪽파, 부추, 사과, 배를 놓고 양념을 부은 후 3일 동안 숙성시켜 완성한다.']",44.9,10.1,1.1,0.0,272.0
5,유자샐러드라면," 라면(55g), 양상추(40g), 케일(5g), 파프리카(20g), 비타민(5g)유자드레싱 식초(2g), 레몬즙(5g), 유자청(15g), 올리브유(1g)","['끓는 물(600g)에 라면을 넣어\n데친다.', '면은 찬물에 헹궈 물기를 뺀다.', '양상추, 케일, 파프리카는 얇게 채\n썰고, 비타민은 먹기 좋은 크기로\n자른다.', '유자드레싱을 고루 섞은 뒤 라면,\n채소를 버무려 마무리한다.']",307.9,26.6,3.14,4.86,145.0
6,사과장아찌,"풋사과 200g, 양파 80g, 청고추 20g, 홍고추 20g소스 : 맛간장 30g, 식초 30g, 설탕 10g, 생강청 30g, 매실청 15g, 청주 30g","['사과는 8조각으로 잘라 씨를 제거한다.', '청고추, 홍고추는 어슷하게 잘라준다.', '양파도 먹기 좋은 크기로 잘라준다.', '사과는 식초 물에 살짝 절여준다.', '양념장을 만든다.', '양념장에 준비된 재료를 모두 섞어 완성한다.']",291.2,64.9,1.9,2.7,736.7
7,새콤한연어샐러드,"연어 60g, 어린잎 20g, 말린 토마토 15g, 양파 50g, 2가지색 미니파프리카 70g소스 : 유자청 30g, 감식초 15g, 정종 100ml, 볶은소금 0.5g","['연어는 얇게 모양을 살려 슬라이스 한 후\n정종에 소금을 섞어 분무기에 넣어 냉장고에\n넣어둔다.', '건조된 방울토마토는 올리브오일과 후추로\n양념하여 사용한다.', '양상추는 먹기 좋은 크기로 뜯어 어린잎과\n함께 찬물에 담가 물기를 제거한 후 사용한다.', '유자청과 감식초는 함께 섞어 믹서에 갈아\n드레싱소스를 완성한다.', '양파는 모양을 살려 얇게 슬라이스 하여\n찬물에 담가 물기를 제거한 뒤 사용한다.', '샐러드 접시에 준비된 모든 채소를 담고,\n연어는 장미 모양으로 접어서 보기좋게 담아\n드레싱 소스를 곁들여 완성한다.']",118.3,5.4,8.6,6.9,48.1
8,원소병,"찹쌀가루(200g), 치자(10g), 오미자(10g), 대추(5알), 귤병(20g),유자청(30g), 꿀(50g), 녹말(50g), 잣(10알)","['찹쌀가루는 체에 내려 2등분한다.', '찹쌀가루는 오미자와 치자를 우린\n뜨거운 물로 익반죽하여 비닐봉투에\n담아 숙성시킨다', '대추는 씨를 발라내 곱게 다지고 귤병,\n유자청, 꿀을 섞어 원소병 소를 만든다.', '굴병과 꿀을 섞어 원소병 소를\n준비한다.', '익반죽을 지름 3cm 크기로 동그랗게\n만들고 안에 소를 넣어 다시 동그랗게\n만든다', '녹말가루를 입혀 끓는 물에 넣은 뒤\n떠오르면 건져 찬물에 헹궈 물기를\n빼고 그릇에 담아 꿀물을 붓고 잣을\n올린다.']",320.6,73.0,6.1,0.5,47.2
9,체리젤리를 곁들인 고구마무스,"체리(50g), 고구마(150g), 화이트 초콜릿(50g), 판젤라틴(1장),피스타치오(20g), 헤이즐넛(20g), 캐슈넛(20g), 호두(20g),아몬드(20g), 라즈베리(20g), 건포도(20g), 애플민트(2g)","['고구마는 깨끗이 씻어 찜통에 쪄낸다', '뜨거운 고구마는 식기 전에 으깬다.', '화이트 초콜릿은 중탕으로 녹여 으깬\n고구마와 섞는다', '체리는 믹서에 곱게 간다.', '젤라틴은 물에 불려 중탕으로 녹이고\n갈아 놓은 체리에 섞어 굳힌다', '견과류와 라즈베리, 건포도는 다져서\n굳힌 체리젤리에 뿌리고 고구마 무스를\n젤리 주위에 두르고 애플민트를\n올린다.']",94.8,19.1,1.8,1.2,60.7
10,크림치즈 망고무스,"망고퓨레(50g), 라즈베리(10g), 피스타치오(30g),크림치즈(50g), 요거트(50g), 생크림(50g), 판젤라틴(1장),레몬(1/4개), 애플민트(10g), 설탕(20g)","['냄비에 망고퓨레, 레몬, 설탕을 넣고\n은근히 끓인다.', '젤라틴은 찬물에 불린 뒤 중탕으로\n녹여 망고퓨레에 넣고 틀에 굳힌다.', '생크림은 차갑게 휘핑하여 요거트와\n섞는다.', '생크림을 섞은 요거트에 설탕,\n크림치즈를 섞는다', '냄비에 라즈베리, 설탕을 넣고 은근히\n끓인다.', '접시에 굳힌 망고무스에 담고 그 위에\n라즈베리 소스와 크림치즈 소스, 다진\n파스타치오를 올리고 애플민트로\n장식한다.']",333.2,55.6,7.3,9.1,69.7
11,인절미 무스와 수정과 아이스크림,"홍시(1개), 콩가루(20g), 계피(10g), 생강(20g), 호두(10g),곶감(2개), 자몽(1/6개), 판젤라틴(1장)","['곶감은 씨를 발라낸다.', '생강과 계피를 넣고 끓여 수정과를\n만든 뒤 냉동한다.', '홍시는 믹서로 곱게 갈고 틀어 넣어\n굳힌다.', '생크림은 차갑게 휘핑한다.', '불려 놓은 젤라틴을 굳혀 콩가루를\n섞어 인절미를 만든다', '자몽을 껍질을 제거 후 갈아서 젤리를\n만들고, 접시에 굳혀놓은 홍시와\n아이스 수정과를 담는다']",126.1,30.5,0.9,0.0,44.1
12,레몬크림콩다식,"콩가루(100g), 꿀(30g), 레몬(1/2개), 생크림(30g), 설탕(20g),레몬제스트(20g)","['콩가루에 꿀을 넣고 반죽한다.', '섞어 놓은 콩가루 반죽은 고운 천으로\n감싸 숙성을 시킨다.', '레몬은 즙을 짠다.', '생크림에 설탕과 레몬즙을 넣고 휘핑해\n레몬크림을 만든다', '콩다식 판에 숙성된 콩반죽을 넣고\n모양을 만든다.', '콩다식에 레몬크림을 올리고\n레몬제스트로 장식한다.']",527.1,83.5,18.4,13.3,206.4
13,망고무스케이크와 마카롱,"달걀(1개), 아몬드(30g), 레몬(1/4개), 망고퓨레(20g), 버터(20g),생크림(20g), 우유(50g), 물엿(50g), 소금(0.2g), 설탕(20g),판젤라틴(1장)","['아몬드는 곱게 갈아 체에 내려\n준비한다.', '달걀흰자로 머랭을 만들어 짤주머니로\n짜준 후 20분 정도 말리고 오븐에\n13분간 구워 마카롱을 만든다.', '냄비에 설탕, 물엿, 소금을 넣고\n끓인다.', '달걀노른자, 설탕, 우유 및 생크림을\n끓이다가 망고퓨레를 넣고 섞는다', '판젤라틴은 물에 불려 중탕으로 녹여\n4에 섞고, 차갑게 휘핑한 생크림을\n넣는다.', '5를 틀에 굳힌 후, 접시에 담고\n마카롱으로 장식한다.']",487.3,56.7,7.7,25.5,133.2
14,배차와 주악,"쌀가루(100g), 밀가루(100g), 막걸리(100g), 배(1/2개),통후추(20알), 꿀(100g), 생강(20g), 식용꽃(20g), 계피(10g),설탕(50g)","['쌀가루와 밀가루를 섞어 체에 내린다.', '냄비에 막걸리를 붓고 끓인다', '끓인 막걸리를 체 친 쌀가루와\n밀가루에 섞어 반죽을 만들고 치대어\n숙성시킨다.', '배는 1/8등분으로 썰어 양쪽모서리를\n돌려 깎아 통후추를 꽂는다.', '1을 넓게 펴서 주먹밥을 얹고 감싼다.', '숙성시킨 반죽을 둥그렇게 빚어 팬에\n굽고, 다 익으면 접시에 담은 뒤 꿀을\n위에 올린다.']",246.8,56.5,3.1,0.9,122.3
15,식혜양갱과 수박증편,"엿기름(100g), 밥(50g), 미숫가루(50g), 막걸리(50g),대추(3알), 잣(10g), 백년초(30g), 밀가루(20g),찹쌀가루(200g), 버터(10g), 설탕(100g), 한천(10g)","['엿기름은 물을 넣고 주물럭거린다', '엿기름에 맑은 물이 생기면 채에\n걸러내어 밥을 넣고 3시간 정도 발효를\n시켜 밥알이 떠오르면 설탕을 넣고\n끓인다.', '한천은 물을 넣고 불린다', '식혜에 불린 한천을 넣고 틀에 담아\n굳힌다.', '미숫가루에 밀가루, 버터, 설탕을 섞고\n살짝 끓여 잼을 만든다.', '찹쌀가루에 뜨거운 막걸리와 백년초를\n넣고 익반죽 후 찜통에 쪄서\n수박모양의 증편을 만들고 식혜, 양갱,\n버터 잼과 함께 담는다.']",59.8,14.6,0.3,0.0,20.7
17,단호박 호밀빵,"(반죽) 통밀가루 200g, 강력분 200g, 전립분 40g, 소금 15g, 드라이이스트 5g, 물 150ml, 베이킹파우더 10g(속) 단호박 20g, 참깨 10g","['(속재료) 단호박은 쪄서 먹기 좋은 크기로 썰어둔다.', '통밀가루와 강력분, 전립분, 물, 소금을 섞어 5℃에서 반나절동안 1차 발효를 시킨다.', '반죽을 썰어 모양을 잡고, 중간발효를 15분동안 한다.', '반죽 가운데에 썰은 단호박과 참깨를 넣고 가볍게 접어서 말아 면포에 올린다.', '굽기 전에 쿠프(칼집내기)를 한다. ', '230℃ 로 예열한 오븐에 넣고 스팀 후 210℃에서 25분 굽는다.']",271.0,53.05,10.59,1.86,1.83
18,미숫가루 스콘,"버터 40g, 박력분 90g, 강력분 90g, 미숫가루 70g, 베이킹파우더 10g, 우유 66g, 달걀 50g(1개), 건크랜베리 20g, 호두 20g","['체 친 강력분, 박력분, 미숫가루, 베이킹파우더와 버터를 카드를 이용해 잘게 잘라 섞는다.\n★ 자르듯이 섞어야 글루텐이 생기는 것을 최소화 해, 바삭한 질감을 얻을 수 있어요.', '계란과 우유를 섞어 넣고 카드로 잘라 주듯이 섞는다.', '가루가 약간 보일 때쯤 건크랜베리와 호두를 넣어 같이 반죽한다.', '뭉쳐진 반죽을 비닐에 싸서 냉장고에서 1시간 이상 휴지시킨다.', '휴지시킨 반죽을 밀대로 밀어주고 여러 겹 쌓이도록 3접절이를 5회 정도 해준 후 카드로 일정하게 자른다.', '오븐팬에 놓고 겉면 코팅을 위해 계란물을 얇게 발라준 후 180℃로 예열된 오븐에서 20분 정도 굽는다.']",376.0,55.8,9.53,12.73,8.1
19,고구마 공갈빵,"(반죽) 강력분 300g, 이스트 6g, 소금 4g, 버터 10g, 물 170ml (속) 고구마 3~4개, 우유20g","['(속재료) 고구마를 삶아서 껍질을 제거하고 우유를 넣어가며 으깨서 부드러운 무스 상태로 만든다.\n★ 고구마를 물에 삶으면 수분이 많아 우유량을 조절해야 해요.', '버터를 제외한 모든 반죽 재료를 넣고 클린업 단계까지 믹싱하다가 버터를 넣어 최종단계까지 믹싱한다.', '반죽은 처음 부피의 2배 정도 되도록 1차 발효하여 50g씩 분할하여 둥글리기 한 다음 중간 발효(10-15분)한다. ', '중간 발효가 끝난 반죽은 납작하게 펴고 만들어 놓은 고구마무스를 넣어 동그란 모양으로 일정하게 만든 후 팬닝한다.', '팬닝된 반죽을 호떡처럼 윗면을 살짝 눌러준다. ', '190℃에서 15분 정도 굽는다.']",277.0,56.14,8.73,1.92,4.46
20,검은콩 크림빵,"(반죽)강력분 300g, 물 250ml, 이스트 8g,  호밀가루 50g, 검은콩가루 24g, 올리브유 4g,호두 50g, 크랜베리 24g,(속) 불린 검은콩 300g ,우유 200g , 달걀 50g(1개) ,소금 3g","['(속재료) 물에 불린 검은 콩을 30-40분 정도 삶은 다음 콩과 물을 분리시켜 식힌다. 식은 검은콩에 우유, 계란, 소금을 넣고 믹서에 갈고 끓여 검은콩 크림을 만든다. 이때 검은콩 물로 농도를 맞춘다.', '호두, 크랜베리를 제외한 모든 재료를 섞어 한 덩어리가 되면 호두와 크랜베리를 넣어 밖으로 빠져 나오지 않게 잘 넣어가며 반죽한다.', '처음 부피의 2배 정도 부풀게 1차 발효를 하고 발효가 끝나면 반죽을 6개로 분할하여 둥글리기하여 중간 발효한다.', '중간 발효한 반죽을 공기를 빼주고 양끝을 접어 바게트 모양으로 만들어 주고 팬에 3개씩 팬닝한다.', '""윗불 180℃, 아랫불 160℃에서 약 20-30분정도 구워 준 뒤 냉각팬에 옮겨 식힌다.\n★팬에 크기에 따라 2회로 나눠 구워요.""', '식은 빵을 반으로 갈라 검은콩크림을 넣는다.']",233.0,37.02,10.98,3.47,4.69
21,오이 소르베,"오이(100g), 셀러리 줄기(15g), 요거트(60g), 과일(20g), 라임즙(5g), 아가베 시럽(5g)","['오이는 껍질을 제거한 뒤 큼직하게 썰고, 셀러리는 필러로 겉껍질을 벗겨 큼직하게 썬다.', '손질한 오이와 셀러리에 양념을 넣어 믹서에 곱게 간다.', '면포에 간 오이와 셀러리를 부은 뒤 즙만 짠다.', '오이셀러리 즙을 밀폐 용기에 넣어 냉동실에서 3시간 이상 얼린다.', '요거트에 얼린 오이소르베를 얹고 과일을 곁들인다.']",65.4,8.3,3.7,1.9,34.7
22,시금치크림치즈 빵,"(반죽) 통밀가루 50g, 강력분 200g, 인스턴트 드라이 이스트 3g, 사과종 45ml, 물 120ml, 소금 2g, 달걀 50g(1개), 올리브유 15g, 시금치 소량, 말린 방울토마토 4~5개(속) 시금치 50g, 다진 마늘 3g,  볶음 참깨 60g, 올리브유 8g, 소금 소량, 후추 소량, 크림치즈 100g","['(속재료) 시금치, 다진 마늘, 볶은 참깨, 올리브유, 소금, 후추를 블랜더로 갈아 시금치 페스토를 만들고 크림치즈와 섞는다.', '물, 계란, 소금, 올리브유, 사과종, 드라이 이스트와 체 친 가루류를 넣고 한 덩이가 되도록 반죽한 뒤 시금치를 작게 잘라 넣어 섞는다.', '매끈한 반죽이 되면 8등분 하여 둥글리기를 하고 15분간 중간 발효한다.', '중간 발효가 끝난 반죽을 납작하게 펴고 안에 시금치 필링을 넣어 잘 봉합한 뒤 팬에 놓고 살짝 눌러준다.', '""중앙에 말린 방울토마토를 얹어 30분간 2차 발효 한다.\n★방울토마토를 반으로 잘라 100℃ 오븐에 1시간 구워 사용했어요.""', '180℃로 예열한 오븐에 15분간 굽는다.']",303.0,36.07,9.2,13.54,2.28
23,홍시잼 식빵,"(반죽) 강력분 500g, 인스턴트 이스트 5g, 소금 7g, 달걀 50g(1개), 우유 250g, 포도씨유 50g (속) 홍시 1000g,  레몬즙 3g","['(속재료) 홍시는 껍질을 제거하고 체에 거른 다음 냄비에 레몬즙을 넣고 졸여서 잼을 만든다.', '강력분, 소금, 인스던트 이스트를 먼저 섞다가 달걀, 포도씨유, 미지근하게 데운 우유를 넣어 가며 반죽한다.\n★ 액체 온도가 60℃가 넘어가면 이스트가 죽을 수 있어 조심해 주세요.', '완성된 반죽을 1~2시간동안 실온에서 1차 발효 시킨 후, 세 덩어리로 나누어 15분 정도 2차 발효한다.', '반죽을 60g씩 8개의 덩어리로 만들어 밀대를 사용하여 피자도우처럼 얇게 편다.', '얇게 핀 반죽 위에 홍시 잼을 바르고 그 위에 핀 반죽을 올리는 걸 반복한 후 맨 위에 홍시 잼을 바르지 않은 반죽을 올리고 소량의 포도씨유를 바른 큐브식빵 틀에 담는다.', '""180도로 예열한 오븐에 식빵 틀을 넣고 40분정도 굽는다.\n★ 윗 면의 색이 많이 나면 종이 호일을 덮고 속까지 익혀요.""']",239.0,43.76,6.41,4.25,12.37
24,콩가루 소보로,"(반죽) 강력분 320g, 날콩가루 80g, 따뜻한 우유 140ml, 이스트 8g, 달걀 2개, 코코넛 오일 20g, 소금 2g (비스킷) 박력 쌀가루 100g, 볶은 콩가루 60g, 베이킹파우더 2g, 달걀 2개, 버터 60g (속) 고구마 500g, 우유 50g, 크랜베리 100g, 아몬드 30g","['(속재료) 찐 고구마에 우유, 다진 아몬드, 크랜베리를 넣어 섞는다.\n★ 고구마를 물에 삶으면 수분이 많아 우유량을 조절해야 해요.', '(비스킷) 버터를 부드럽게 만들어 준 다음 볶은 콩가루와 소금을 넣고 섞다가 계란을 조금씩 넣어 분리되지 않게 반죽한다. 여기에 체 친 박력 쌀가루와 베이킹파우더를 넣어 섞어준 뒤 냉장고에 30분간 휴지시킨다.', '코코넛 오일을 제외한 반죽 재료를 모두 반죽하다가 한 덩어리가 되면 코코넛 오일을 넣어 부드러워질 때까지 반죽한 다음 반죽의 크기가 두배가 될 때까지 발효한다. (약 1시간)', '1차 발효 반죽은 30g씩 분할해 둥글리기 하고 중간 발효 (약 15분)한 다음 반죽 속 가스를 빼고 ①의 속재료를 40g씩 넣어 감싼다.', '20g씩 비스킷을 분할해 비닐 위에 얇게 민 다음 비닐을 이용해 빵 반죽 위에 덮어준다.\n★반죽이 비닐에 달라 붙으면 덧가루를 조금 뿌려요.', '팬닝 후 2차 발효(약15분)를 하고 윗불 180℃ , 아랫불 160℃ 로 예열된 오븐에서 20분 굽는다.']",279.0,41.91,9.08,8.35,13.53
25,삼색 브레드 스틱,"강력분 300g, 소금 3g, 드라이이스트 12g, 버터 36g, 식용유 6g, 당근 50g, 참나물 50g, 연근 30g, 견과류 10g, 물 100ml","['강력분, 소금, 이스트, 물을 넣어 만든 반죽을 3등분 하여 각각 당근, 참나물, 연근을 다져 넣어 섞어준다.', '반죽에 글루텐이 형성되면 각각 식용유와 버터를 넣어 섞고, 연근을 넣은 반죽에는 마지막에 견과류를 넣어 섞는다.\n★다른 반죽보다 향이 없는 연근 반죽에 견과류를 넣어 맛을 냈어요.', '반죽이 완료되면 3-40분 정도 1차 발효를 한다.', '1차 발효 후 30g씩 무게를 달아 둥글리기하고 중간 발효 후 길게 밀어 편다.', '20분 정도 2차 발효를 한다.', '아랫불 160, 윗불 180℃ 오븐에서 18분 동안 굽는다.']",315.0,51.04,10.61,7.55,1.61
26,자색고구마 버터크림 빵,"(반죽) 강력분 290g, 박력분 70g, 이스트 4g, 소금 5g, 달걀 50g(1개), 무염버터 30g , 바나나 180g, 밤고구마 130g, 물 150g (속) 삶은 밤고구마 380g, 바나나 180g, 바나나슬라이스 (버터크림) 삶은 자색고구마 190g, 삶은 밤고구마 100g, 박력분 30g,  달걀 50g(1개) ,버터120g, 물 100g","['(속재료) 삶은 밤고구마와 바나나를 섞은 앙금을 35g씩 둥글리기 해주고 여유분 바나나는 0.5두께로 슬라이스한다.', '(버터크림) 삶은 자색고구마와 밤고구마를 으깬 후 물을 넣어 반죽하다가 박력분, 달걀 1개를 풀어 잘 섞어 준 후 버터를 넣고 덩어리가 생기지 않게 섞어 짤주머니에 담는다.', '체에 내린 강력분과 박력분에 소금,이스트를 넣어 섞어주고 밤고구마 130g, 바나나 180g, 달걀 1개를 섞어 반죽이 한 덩이가 되면 무염버터 30g을 넣어 치댄다.', '반죽이 2배가 되도록 1차 발효 후 50g 분할해 둥글리기 해서 10분 정도 중간 발효한다.', '반죽에 앙금과 바나나슬라이스를 넣어 동그랗게 모양을 만들어 2차 발효 시키고 굽기 전에 고구마 버터크림을 올려준다.\n★이음새가 벌어지면 구우면서 반죽이 터져지니 꼼꼼히 붙여주세요.', '윗불 180℃ 아랫불 160℃로 예열된 오븐에서 20분 구워낸다.']",929.0,34.64,6.42,14.21,7.54
27,치아바타 피자빵,"(반죽) 블루베리 발효원종 250g, 강력분 250g, 소금 3g, 물 100ml(소스) 토마토 150g, 양송이 버섯 50g, 양파 50g, 파프리카 50g, 로즈마리 5g, 식용유 10g , 물 50ml(토핑) 저염치즈 200g","['(소스) 소스에 들어가는 재료는 전부 다진 후 기름 두른 팬에 양파를 먼저 볶다가 남은 재료를 넣고 볶아 준 뒤 물을 넣고 끓여 조린다.', '반죽 재료를 넣고 27℃ 최종단계 까지 믹싱한 후 1차 발효는 고온발효로 27℃에서 1시간 발효한다.', '150g씩 분할하여 모양을 성형한 후 면포 위에 팬닝한다.\n★반죽이 많이 질어요. 손에 묻으면 덧밀가루를 뿌려가며 진행하세요.', '2차 발효는 온도는 30℃, 수분은 75%에서 60분간 발효한 후 오븐팬에 팬닝한다.', '반죽 위에 만들어 놓은 토마토 소스를 바르고 스팀 160℃/230℃에서 13분간 굽는다.', '치즈를 올리고 4분간 구워낸다.']",237.0,29.14,12.79,7.65,1.7
28,바질향이 향긋한 고구마 찰 바케트,"(반죽) 강력분 675g, 소금 6g, 생이스트 10g, 물 375ml(바게트반죽용),  파인소프트 T 300g, 파인소프트 C 50g, 강력분 50g, 소금 8g, 분유 8g, 아몬드 분말 74g, 드라이 이스트(골드) 10g, 무염버터 54g, 달걀 50g(1개), 물 200ml(찰반죽용)(속) 크림치즈 200g, 바질 페스토 30g, 노른자 20g, 고구마 다이스 100g","['반죽을 모두 섞어 30분 발효 후 punch 후 40분 발효한다.\n★punch는 가스를 빼는 과정을 얘기해요.', '150g으로 분할 후 중간발효 20분을 한다.', '찰 반죽 80g 분할 후 밀대로 얇게 펴서 크림치즈와 바질페스토를 섞은 속재료를 짜고 삶아 낸 고구마 다이스를 촘촘한 간격으로 올린 후 말아준다.', '중간발효를 마친 바게트 반죽은 최대한 기공을 살려 조심히 펴 준다. 펴준 반죽 위에 찰 반죽을 놓고 가볍게 환목모양으로 말아준다.  ', '반죽에 물을 뿌린 후 덧 가루를 묻혀 1시간 동안 2차 발효한다.', '빵이 터지지 않게 꾸쁘는 사선으로 세 번 내고 , 195℃의 컨벡션 오븐에 16분 스팀 8초 설정을 하여 굽는다.']",286.0,47.11,7.97,7.34,2.07
29,견과류 미숫가루 빵,"(반죽) 강력분60g, 박력분 30g, 미숫가루 150g, 이스트 4g, 소금 5g, 달걀 50g(1개) , 버터 30g, 아몬드20g, 해바라기씨 30g, 호박씨 10g, 건포도 20g (아몬드우유) 아몬드 30g, 우유 180g (토핑) 버터10g, 아몬드 슬라이스10g, 미숫가루10g","['(아몬드우유) 믹서기에 아몬드와 우유를 갈아 아몬드 우유를 만든다.', '밀가루, 미숫가루, 이스트, 소금, 달걀, 아몬드 우유를 넣어 손으로 반죽하다가 아몬드, 해바라기씨, 호박씨 넣고 반죽한다.', '②이 한 덩어리가 되면 무염버터를 넣어 반죽을 하고 마지막으로 건포도를 넣어 섞는다.', '""크기가 2.5배가 될 때까지 1차 발효하고 반죽을 접어 공기를 빼고 3등분으로 나눠 둥글리기 후 10분 정도 중간 발효한다.\n★반죽이 달라붙으면 덧가루를 뿌리면서 작업하면 수월해요.""', '발효가 끝나면 다시 둥글리기를 해주고 반죽의 매끄러운 면이 위로 가도록 팬닝 후 40~50분 2차 발효 시킨다.', '""180℃ 오븐에서 20~25분 동안 구워서 완성시킨 뒤 위에 버터를 바르고 아몬드 슬라이스와 미숫가루로 토핑한다.\n★ 버터는 살짝 녹여 사용하세요.""']",353.0,44.89,12.56,13.64,5.64
30,스테이크 샐러드,"쇠고기등심 80g, 로메인 30g, 워터크레스 2g, 래디쉬 5g, 방울토마토 10g, 레드어니언 8g, 발사믹식초 4g, 올리브오일 1g, 소금적당량, 통후추 적당량","['소고기등심에 소금, 후추로 간하고 팬에서 기호에 따라 굽는다. (스테이크 굽기 정도는 기호에 따라 조절한다.)', '양파는 얇게 링으로 썰고 로메인은 적당한 크기로 찢고 래디쉬도 얇게 썰어 찬 물에 담궈둔다.', '발사믹 식초에 올리브오일, 소금, 후추를 넣고 소스를 만든다. (기호에 따라 양파 다진 것 등을 첨가할 수 있다.)', '2를 건져내 물기를 제거하고 소금, 후추로 간을 한다.', '스테이크를 슬라이스 하여 접시에 앞 쪽에 담는다.', '준비된 야채에 드래싱을 넣고 섞은 뒤 스테이크 옆에 담는다.']",177.0,3.5,17.0,10.1,404.0
31,달래바싹불고기,"주: 쇠고기등심 60, 달래 5, 올리브유 5 양념장: 간장 4, 설탕 3, 다진 양파 15, 다진 마늘 2, 후추 0.01","['달래를 3cm 길이로 썬다. ', '양념장 재료를 모두 섞어 양념장을 만든다. ', '소고기에 달래와 양념장을 넣고 간이 배도록 잘 주무른다. ', '기름 두른 팬에 양념한 고기를 한 덩이씩 떼서 모양을 잡아준다.', '뭉친 고기는 앞뒤로 고루 익혀낸다. ', '그릇에 담아 마무리 한다.']",197.0,5.3,13.4,13.4,237.6
32,고구마 찰 빵,"(반죽) 쌀가루 120g, 타피오카 전분 80g, 비트가루 15g, 물 140g, 르뱅 발효종 160g, 소금 2g, 올리브유 25g,(속)  고구마 30g, 생크림 10g, 김치 70g, 양파30g , 기름5g","['(속재료) 고구마는 쪄서 으깬 후 생크림을 넣어 부드러운 무스를 만든다.\n 양파와 김치는 다지고, 기름 두른 팬에 양파를 볶아 단맛을 낸 다음 김치를 볶아 볶음 김치를 만든다.', '반죽재료를 모두 넣고 1단으로 믹싱한 후 올리브유를 넣고 최종단계 직전까지 믹싱한다.', '1차 발효 후에 반죽을 각 100g씩 총 3개로 분할하여 둥글리기 한 후 랩을 덮어 중간발효(10분)를 해준다.', '반죽에 고구마 무스 ,볶음김치을 넣어 싼 후 고구마 모양으로 만들어 준다.\n★이음새가 벌어지면 구우면서 반죽이 터져지니 꼼꼼히 붙여주세요.', '팬닝 후 2차 발효(30분)를 한다.', '윗불 160℃, 아랫불 180℃에서 15분 굽는다.']",241.0,39.76,6.35,6.27,4.16
33,누룽지 요거트 파르페,"●누룽지: 밥 210g(1공기)●요거트파르페: 오렌지 40g(1/5개), 사과 30g(1/5개), 요거트 200g(1컵), 블루베리 30g(2큰술)","['프라이팬에 밥을 얇게 펴 약한 불에서 뚜껑을 덮어 굽는다.', '노릇하게 누룽지가 되면 식혀서 굵게 부순다.', '오렌지는 깨끗이 씻어 껍질을 벗긴 뒤 먹기 좋은 크기로 자른다.', '사과를 깨끗이 씻어 물기를 제거하고 굵게 자른다.', '컵에 요거트-오렌지-요거트-누룽지-요거트-사과-요거트-누룽지 순으로 담는다.', '마지막에 누룽지와 블루베리로 장식한다.']",0.0,0.0,0.0,0.0,0.0
34,청국장지짐 케일쌈밥,"돼지고기(20g), 청국장(30g), 밥(100g),케일(50g), 멸치(10g), 무(40g), 양파(80g),사과(100g)","['멸치와 무, 양파 절반, 사과를\n끓여 육수를 만든다.', '남은 양파와 돼지고기는 곱게\n다진다.', '청국장에 육수, 다진 양파,\n돼지고기를 넣고 볶는다.', '케일은 끓는 물에 살짝 데친 뒤\n식히고 물기를 없앤다.', '밥에 청국장 지짐을 비빈 뒤\n케일로 돌돌 말아 반을 자른다.', '그릇에 담고 어슷썬 홍고추로\n장식한다.']",398.0,65.4,19.2,6.6,4.3
35,마늘 불고기 덮밥,"소고기(불고기용, 250g), 쌀(150g),새송이버섯(50g), 당근(30g), 양파(30g),대파(20g), 마늘, 배(30g), 진간장(30g),후춧가루(2g)","['쌀은 깨끗이 씻고 불려 밥을\n짓는다.', '소고기는 핏기를 제거하고 버섯,\n당근, 양파, 대파는 한 입 크기로\n썰어서 준비한다.', '절반의 마늘과 진간장, 양파, 배,\n후춧가루를 넣고 믹서에 갈아\n양념을 만든다.', '핏기를 제거한 소고기에 3번의\n양념을 넣고 섞는다.', '나머지 마늘은 얇게 편썰어\n기름에 튀겨 마늘 칩을 만든다.', '숙성 시킨 불고기를 팬에 볶고,\n그릇에 담은 밥 위에 올리고 마늘\n칩으로 장식한다.']",598.4,85.0,24.6,17.8,3.1
36,잡곡강정밥,"잡곡(50g), 찹쌀(50g), 호두(20g),은행(20g), 밤(20g), 대추고(60g), 꿀(5g),간장(15g), 소금(2g)","['잡곡과 찹쌀은 물에 씻어 불린 뒤\n소금을 넣고 밥을 짓는다.', '호두는 껍질을 제거하고 굵게\n부숴 마른 팬에 볶는다.', '은행은 기름에 볶아 껍질을\n제거하고 4등분 한다', '생밤은 껍질을 벗기고 작은\n주사위 모양으로 자른 뒤 기름에\n굽는다.', '물 40g에 간장, 대추고, 꿀을 넣고\n끓인 뒤 2,3,4번을 넣고 잘 섞는다.', '잡곡밥을 넓게 펼친 뒤 5번을\n넣고 돌돌 만다.']",594.3,120.1,15.2,5.9,1.3
37,함박스테이크 볼 밥,"소고기(60g), 돼지고기(60g), 가래떡(20g),양파(20g), 새송이버섯(20g),파프리카(15g), 사과(20g), 배(30g),고추장(5g), 파(10g), 마늘(5g), 간장(5g),청주(5g), 후춧가루(0.5g), 참기름(3g)","['소고기, 돼지고기, 가래떡, 양파,\n새송이버섯, 파는 잘게 다진다', '사과와 배는 믹서에 간 뒤 간장,\n청주, 다진 마늘, 후춧가루를 넣고\n양념장을 만든다.', '다진 고기와 양념장을 섞은 뒤\n다진 재료를 넣고 잘 치대어 먹기\n좋은 크기로 만든다.', '팬에 기름을 두르고\n함박스테이크를 굽는다.', '파프리카는 다지고, 사과, 배는\n갈아서 고추장, 간장, 다진 마늘을\n섞은 뒤 끓여 소스를 만든다.', '밥에 참기름을 넣고\n함박스테이크를 담은 뒤 소스를\n올려 완성한다.']",439.5,62.4,22.3,11.2,8.0
38,곤드레 밥버거,"쌀(80g), 찹쌀(40g), 흑미(40g), 곤드레나물(50g),파프리카(30g), 양상추(30g), 감자(20g),양파(50g), 깻잎(5장), 바나나(1/2개), 김(10g),호두(10g), 사과(1/4개), 밀가루(30g), 빵가루(50g),마요네즈(50g), 된장(30g), 식초(30g), 간장(15g),참기름(15g), 들기름(15g), 소금(0.2g)","['곤드레나물에 들기름, 간장으로\n양념하고 쌀, 찹쌀, 흑미와 밥을\n지은 뒤 참기름, 소금 간 한다.', '식초와 식초2배의 물을 넣고\n끓이다가 사과를 한 입 크기로\n썰어 끓인다.', '감자를 삶아 으깨고, 다진 양파,\n호두, 밀가루를 넣고 섞은 뒤 겉에\n빵가루를 묻혀 팬에 굽는다.', '파프리카는 잘게 채 썬다.', '마요네즈, 깻잎, 바나나, 된장을\n믹서에 갈아 소스를 만들고\n피클을 다져 넣는다.', '종이호일을 깔고 중간중간\n소스를 뿌리면서 김-양상추-\n패티-파프리카-양상추-밥\n순으로 얹어 버거를 만든다.']",467.0,76.5,12.0,12.6,22.7
39,대추닭살리조또,"닭고기(가슴살, 30g), 쌀(50g), 양파(10g),표고버섯(10g), 대추(2알), 당근(5g),피망(5g), 치즈(10g), 우유(50g), 마늘(3g),소금(0.5g), 후춧가루(0.1g)","['쌀을 씻어 밥을 짓는다.', '양파, 표고버섯, 당근, 피망은\n입자있게 다지고 대추는 씨를\n제거한 뒤 다진다.', '닭가슴살은 먹기 좋은 크기로\n썬다.', '팬에 기름을 두르고 다진 마늘을\n볶은 뒤 닭가슴살을 볶는다', '닭가슴살이 다 익으면 손질한\n채소를 넣고 볶다가 밥, 우유,\n치즈, 대추를 넣고 끓인다.', '우유가 반으로 졸아들면 불을\n줄이고 소금, 후추로 간한다.']",498.3,70.3,21.2,14.7,8.4
40,먹골배 카레주먹밥,"쌀(150g), 카레가루(70g), 묵은지(15g),양파(15g), 애호박(5g), 가지(5g),참치(50g), 마요네즈(20g)","['카레가루를 미지근한 물에 개어\n쌀을 넣고 밥을 한다.', '묵은지는 헹궈서 다지고 양파도\n다진다.', '참치의 기름을 빼고 묵은지,\n양파를 넣고 마요네즈에\n버무린다.', '3번을 넣고 카레밥으로 주먹밥을 만든다.', '주먹밥을 배 모양으로 만든다.', '애호박과 가지 껍질로 배 꼭지와\n잎을 만들어 장식한다.']",379.2,445.4,10.8,11.5,1.1
41,신호등 통통이(어린이 곤약삼색주먹밥),"소고기(10g), 곤약미(30g), 쌀(30g),시금치(20g), 당근(20g), 멸치(5g),대파(0.5g), 달걀(1개), 간장(1g),참기름(5g), 소금(1g), 후춧가루(0.2g),올리고당(3.5g)","['쌀과 곤약은 깨끗이 씻어 밥을\n짓는다.', '시금치는 데쳐 잘게 다지고\n당근은 잘게 다져 팬에 볶고,\n달걀은 삶아 노른자만 체에\n거른다.', '소고기는 간장, 참기름, 대파,\n마늘, 물엿, 후춧가루를 버무려\n볶는다.', '멸치는 올리고당으로 볶고 밥은\n소금과 참기름으로 밑간한다.', '밥과 멸치, 밥과 소고기를 각각\n버무려 동그랗게 빚는다.', '동그랗게 빚은 밥은 시금치, 당근,\n달걀노른자에 각각 굴린다.']",441.0,81.6,8.6,5.6,0.9
42,양배추롤&참치두부쌈장,"밥(150g), 양배추(60g), 참치(캔, 30g),두부(30g), 양파(8g), 파(5g), 마늘(5g),된장(5g), 고추장(2g), 매실청(3g),참기름(1.5g), 깨(1g), 물(8g)","['양배추는 손질하여 찜통에 10분간\n찐 후 식힌다.', '참치는 체에 받쳐 기름을 빼고, 두부는 물기를 제거한 뒤 으깬다', '양파와 파, 마늘은 잘게 다진다', '팬에 된장, 고추장, 매실청, 다진 \n양파, 파, 마늘, 물을 넣고 섞어\n끓이다가 참치, 두부를 넣고 볶은\n뒤 참기름, 깨를 넣는다.', '찐 양배추에 밥을 얹어 돌돌 만다.', '양배추롤을 적당한 크기로 썰고\n참치두부쌈장을 올린다.']",295.0,52.5,12.9,3.7,4.5
43,채소 커리를 곁들인 팬케익,.,"['브로콜리는 작은 송이로 나누고 실파와 그린빈은 0.8cm의 정육면체로 썬 뒤 브로콜리와 그린빈은 끓는 물에 데친다.', '당근, 양배추, 홍파프리카, 양파, 청고추는 0.8cm의 정육면체로 썰고 파슬리를 곱게 다진다.', '볼에 밀가루, 우유, 달걀, 버터, 다진 파슬리를 넣고 잘 섞는다.', '팬에 식용유를 두르고 브로콜리와 그린빈을 뺀 나머지 재료를 볶다가 커리파우더를 넣고 섞는다.', '닭육수를 넣어 재료가 익을 때까지 끓인 뒤 물이 자작하게 줄어들면 브로콜리와 그린빈을 넣어 섞는다.', '팬에 식용유를 살짝 두르고 국자로 반죽을 떠 넣어 지름 10cm 정도의 얇은 팬케익을 부친다']",258.6,30.8,15.0,7.0,261.0
44,파인애플떡갈비,"소고기(갈빗살, 60g), 파인애플(45g),양파(8g), 표고버섯(7g), 전분(10g),파(5g), 마늘(2g), 진간장(3g), 설탕(1g),참기름(1.5g), 후춧가루(0.2g)","['파인애플은 7cm로 자르고\n남은 자투리와 파, 마늘, 양파,\n표고버섯은 곱게 다진다.', '갈빗살은 곱게 다져 간장,\n설탕, 파, 마늘, 참기름, 추후로\n양념한다.', '다진 파인애플, 양파, 표고버섯은\n볶아 수분을 제거한다.', '전분 일부와 갈빗살, 다진\n파인애플, 양파, 표고버섯을 섞고\n치댄다.', '잘라둔 파인애플에 남은 전분을\n묻힌 뒤 고기반죽으로 감싼다.', '팬 또는 오븐(180℃, 15분)에\n노릇하게 굽는다.']",336.8,33.3,14.0,16.4,21.1
45,건강가지말이+참깨마요소스,"가지(200g), 단호박(30g),삼색파프리카(30g), 당근(30g), 사과(30g),배(30g), 무순(10g), 청양고추(20g),마요네즈(30g), 참깨(40g), 꿀(20g)","['가지는 길이대로 얇게\n슬라이스한 뒤 살짝 굽는다.', '파프리카, 당근, 사과는 얇게\n채썬다.', '단호박은 속을 파내고 쪄서\n으깬다.', '참깨에 마요네즈, 꿀, 간 배를\n넣고 섞어 참깨마요소스를\n만든다.', '구운 가지에 단호박을 얇게 \n바르고 야채들을 넣고 돌돌 만다.', '참깨마요소스를 올린다.']",157.4,15.6,1.9,9.7,9.9
46,순창 고추장 두부강정,"소고기(불고기용, 60g), 두부(400g),새송이버섯(40g), 당근(30g), 양파(10g),마늘(15g), 생강가루(5g), 고추장(50g),튀김가루(200g), 전분(20g), 맥주(200ml),소금(1g), 간장(15g), 꿀(15g), 케첩(45g),올리고당(15g)","['당근, 새송이버섯, 소고기, 양파는\n가늘게 채 썰어 간장, 꿀, 생강가루,\n다진 마늘로 양념한 뒤 볶는다.', '두부는 반으로 잘라 속에 칼집을 \n낸 뒤 소금을 뿌려 수분을\n제거한다.', '두부에 전분을 골고루 묻힌다.', '볶은 야채와 고기를 두부 사이에\n넣는다.', '튀김가루, 전분, 차가운 맥주를\n섞어 튀김 반죽을 만든 뒤 두부에\n입혀 170℃기름에 튀긴다.', '고추장, 케첩, 올리고당을 섞고\n냄비에 졸여 소스를 만들고 튀긴\n두부를 지진다.']",350.3,40.8,14.7,14.2,15.7
47,곤약 백김치 말이,"오징어(30g), 곤약(100g), 백김치(50g),삼색파프리카(20g), 부추(10g), 청주(15g),통후추(5알), 월계수잎(1장)","['곤약은 얇게 편으로 썰어 데친 뒤\n백김치 국물에 절인다.', '물에 월계수잎, 통후추, 청주를\n넣고 오징어를 질기지 않게 살짝\n삶는다.', '파프리카는 채썰고 백김치는\n물기를 제거한다.', '곤약을 깔고 백김치, 오징어,\n파프리카를 얹어 말아준다.', '부추로 풀어지지 않게 단단히\n매듭을 짓는다.', '아랫부분을 정리하고 접시에\n담는다.']",44.2,7.5,3.2,0.1,2.7
48,레몬 들깨 소스를 품은 떡꼬치,"●떡꼬치: 쌀떡 90g, ghen 10g(1알), 잣 5g(5알), 식용유 30g(2큰술), 꼬치용 꼬치 6개●레몬 들깨 소스: 들깨가루 45g(3큰술), 두유 45g(3큰술), 꿀 15g(1큰술), 물 15ml(1큰술), 참기름 7g(1작은술), 레몬즙 7g(1작은술), 검은깨 5g(1작은술)","['들깨가루, 검은깨, 두유, 레몬즙, 꿀, 물, 참기름을 섞어 레몬 들깨 소스를 만든다.', '떡 군데군데 꼬챙이로 찌르거나 칼집을 넣는다.', '팬에 기름을 두르고 160℃ 정도에서 기름이 튀지 않도록 주의하며 떡을 튀긴다.', '꼭지를 땐 잣과 호두를 굵게 다진다.', '떡은 꼬치에 꽂아 접시에 담는다.', '레몬 들깨소스를 바르고 잣, 호두를 고명으로 뿌린다.']",735.0,100.0,12.0,32.0,573.0
49,바나나를 감싼 일본식 달걀말이,"달걀(3개), 바나나(1개), 전분(5g),소금(0.2g)","['달걀을 흰자와 노른자로\n분리한다.', '흰자와 노른자를 각각 풀어\n전분과 소금을 넣는다.', '팬에 식용유를 두르고 노른자를\n부어 반정도 익힌다.', '바나나를 넣고 말아준다.', '흰자를 부어 4번을 감싸 \n말아준다.', '먹기 좋은 크기로 자른다.']",362.3,34.6,17.0,17.3,25.2
50,그린커리,"닭고기(가슴살, 50g), 그린커리페이스트(50g), 코코넛밀크(40g),당근(30g), 가지(50g), 양송이버섯(20g),레몬그라스(10g), 마늘(5g)","['마늘은 입자있게 다진다.', '닭가슴살, 당근, 가지, 양송이\n버섯은 먹기 좋은 크기로 자른다.', '팬에 기름을 두르고 마늘을\n볶다가 가지, 당근, 양송이버섯\n순으로 넣고 볶는다.', '그린커리 페이스트를 넣고\n볶는다.', '4번에 레몬그라스, 물 한 컵과\n코코넛밀크 2/3를 넣고 끓인다.', '코코넛밀크로 농도를 조절하여\n완성한다.']",465.7,34.3,48.5,14.9,17.1
51,현미 고구마 아란치니,"고구마(100g), 현미밥(210g),새송이버섯(25g), 당근(25g), 양파(25g),달걀(1개), 파슬리(3g), 빵가루(200g),밀가루(100g), 소금(2g), 후춧가루(1g),식용유(500g)","['고구마는 삶아서 식힌 후 으깬다.', '새송이버섯, 양파, 당근은 다진\n후 후춧가루와 소금을 넣고 팬에\n볶는다.', '야채가 익으면 현미밥을 넣어\n볶은 후 식힌다.', '볶은 현미밥은 속에 고구마를\n채우고 동그란 모양을 만든다.', '밀가루, 달걀물, 빵가루 순으로 \n묻힌다.', '170~180℃ 기름에 튀긴다.']",458.6,68.4,8.6,16.8,5.1
52,유자 치킨 꿔바로우,"닭고기(가슴살,150g), 생강(5g),녹말(50g), 찹쌀가루(50g), 유자청(10g),전분(5g), 꿀(10g), 소금(1g),후춧가루(1g), 식초(45g), 식용유(10g),물(45g)","['닭가슴살을 슬라이스하여 소금,\n후춧가루로 밑간을 하고 다진\n생강을 발라 잡냄새를 제거한다.', '밑간한 닭가슴살에 찹쌀가루를\n묻힌다.', '녹말, 식용유, 물을 섞어 반죽을\n만든다.', '2번에 반죽을 골고루 묻혀 170℃\n기름에서 튀긴다.', '식초와 유자청을 넣고 끓인 후\n간장으로 간을 맞추고 전분을\n풀어 농도를 맞춘다.', '튀긴 꿔바로우를 소스에 넣고\n버무린다.']",376.5,45.5,23.9,11.0,22.4
53,펌킨크로켓,"단호박(80g), 양파(20g),당근(10g), 참나물(10g), 달걀(1개),모짜렐라치즈(10g), 빵가루(500g),식용유(500g), 소금(1g), 후춧가루(0.5g)","['참나물은 데친 뒤 잘게 다진다.', '양파와 당근은 잘게 다진 뒤\n볶는다.', '단호박을 찐 뒤 으깨고 다진\n참나물, 볶은 양파, 당근을 넣고\n소금, 후춧가루로 밑간한다.', '빵가루를 조금 넣고 섞어 되직한\n반죽을 만든다.', '반죽에 모짜렐라치즈를 넣고\n한입 크기로 빚은 뒤 달걀, 빵가루\n순으로 옷을 입힌다.', ' 170℃ 기름에 튀긴다.']",335.6,27.1,12.2,19.8,8.8
54,이태리튀밥,"쌀(100g), 방울토마토(2개),바질(3g), 옥수수(20g), 달걀(1개),빵가루(30g), 파마산치즈가루(20g),생모짜렐라치즈(20g), 버터(4g),올리브오일(3g), 소금(2g)","['냄비에 물 한 컵을 넣고 끓으면\n소금을 조금 넣고 쌀을 넣어\n끓인다.', '쌀이 물을 흡수하면 버터를 넣고\n골고루 섞은 뒤 파마산치즈가루를\n넣고 섞어 접시에 펼쳐 식힌다.', '방울토마토는 굵게 다진 뒤\n물기를 제거하고 바질은 얇게 채\n썬다.', '모짜렐라치즈는 손으로 작게\n뜯어 반은 바질, 토마토와 섞어\n소금과 올리브오일로 간을 하고,\n나머지는 옥수수와 섞는다.', '식은 밥에 4번의 소를 각각 넣고\n동그랗게 빚는다.', '달걀물, 빵가루 순으로 묻혀\n170℃ 기름에서 튀긴다.']",508.7,58.6,15.9,23.4,3.0
55,현미 입은 미트볼,"소고기(100g), 돼지고기(100g), 대추(4알),배(1개), 현미튀밥(30g), 밀가루(20g),양파(60g), 마늘(30g), 쪽파(30g),생강(5g), 간장(30g), 소금(0.5g),후춧가루(0.2g), 참기름(3g), 참깨(3g)","['양파 40g, 마늘 20g, 대추 2알, 배,\n생강, 간장, 물 70g을 넣고 졸여\n소스를 만든다.', '소고기, 돼지고기는 다진 뒤 소금,\n후추, 참기름, 깨, 간장 15g을\n넣어 밑간한다.', '양파, 마늘, 대추를 다진 뒤\n밀가루, 식용유와 함께 2번에\n넣고 치댄다.', '3번의 반죽을 동그란 모양으로\n빚는다.', '팬에 기름을 두르고 미트볼을\n굽는다.', '팬에 소스를 부어가며 졸인 뒤\n쪽파, 현미튀밥을 올린다.']",479.3,16.6,34.1,30.7,5.7
56,시금치 볶음 쌀국수,"새우(100g), 쌀국수(150g), 시금치(40g),달걀(1개), 메추리알(20g), 마늘(20g),굴소스(20g), 식초(30g), 땅콩(3g),전분(10g), 청주(5g), 고추기름(15g),소금(0.5g), 후춧가루(3g),올리브오일(15g)","['미지근한 물에 쌀국수 면을\n부드러워질 때까지 불린다.', '새우는 소금, 청주, 달걀 흰자,\n전분물로 반죽한 뒤 튀긴다.', ' 팬에 메추리알을 부친다.', '팬에 올리브오일과 고추기름을\n두르고 마늘을 살짝 볶은 뒤\n튀긴새우와 쌀국수 면을 넣는다.', '굴소스와 식초로 간을 하고\n재료가 다 익어갈 때 시금치를\n넣고 불을 끈다.', '땅콩가루와 메추리알을 올려\n마무리한다.']",584.8,76.4,13.1,25.2,4.9
57,새우채소꼬치구이,"새우(60g), 단호박(60g), 양배추(40g),방울토마토(35g), 대파(20g), 후추(0.5g)","['새우는 꼬리와 껍질을 제거한 뒤 \n후추로 밑간한다.', '단호박은 찜기에 찐다', '대파와 양배추는 4cm 길이로\n썬다.', '찐단호박을 4cm 길이로 썬다.', '프라이팬에 새우, 단호박, 대파, \n양배추, 방울토마토를 굽는다..', '꼬지에 보기 좋게 끼운다.']",80.7,11.2,6.6,1.0,7.5
58,영유아를 위한 고소한 닭꼬치,"닭고기(가슴살, 25g), 우유(10g),아몬드슬라이스(10g), 참깨(2g),흑임자(1g), 소금(0.1g), 후춧가루(0.1g)","['닭가슴살은 10cm 길이로 얇게\n자른다.', '닭가슴살에 소금, 후춧가루로\n밑간을 한다.', '아몬드슬라이스를 잘게 다지고\n흑임자, 참깨와 섞는다.', '닭가슴살에 3번을 묻힌다.', '팬에 식용유를 두르고 4번을 \n노릇하게 굽는다.', '꼬지에 꽂는다.']",324.0,18.2,25.1,16.8,1.3
59,얌얌 맛있게타,"바게트(1/4개), 새송이버섯(15g),표고버섯(10g), 방울토마토(2개),바질(10g), 생모짜렐라치즈(15g),마늘(2.5g), 올리브오일(10g), 소금(0.2g)","['바게트는 1cm 두께로 잘라 한쪽\n면에 다진 마늘과 올리브오일을\n발라 팬에 굽고 식힌다.', '방울토마토는 씨를 제거하고\n다진 뒤 물기를 빼주고 바질은\n얇게 슬라이스 한다.', '생모짜렐라치즈를 잘게 찢고\n방울토마토, 바질과 함께 소금,\n올리브오일에 섞는다.', '새송이버섯, 표고버섯, 마늘은\n잘게 다진다.', '팬에 올리브오일을 두르고 다진 \n마늘을 볶다가 표고버섯과\n새송이버섯을 넣어 볶는다.', '바게트에 각각 소를 얹는다.']",324.1,40.1,12.5,12.7,3.7
60,오! 푸룻한 뿌리채소,"우엉(25g), 연근(50g), 오렌지(100g),요거트(50g), 크랜베리(10g), 땅콩(5g),호두(3g), 레디쉬(5g), 식초(3g),머스터드(3g), 얼음(200g)","['연근, 우엉은 껍질을 벗겨 0.2cm\n두게로 슬라이스한 뒤 식촛물에\n담군다.', '레디쉬는 얇게 슬라이스하여\n얼음물에 담그고 오렌지는\n껍질을 벗겨 과육만 분리한다.', '우엉과 연근을 끓는 물에 데친\n뒤 얼음물에 담궈 열기를 식히고\n물기를 뺀다.', '요거트와 머스터드를 섞어\n소스를 만들고 땅콩, 호두는 잘게\n부순다.', '연근, 우엉, 레디쉬, 오렌지, 땅콩, \n호두를 만들어둔 소스와 함께\n버무린다.', '그릇에 담고 크랜베리를 올린다.']",308.4,44.3,8.4,10.9,12.4
61,냉잡채,"당면 20g, 표고버섯 5g, 양배추 5g, 오이 5g, 당근 3g, 깻잎 5g, 상추 5g, 청피망 3g, 홍피망 3g, 팽이버섯 3g, 노랑파프리카 3g, 간장 2g, 들기름 3g [소스소개] 잡채양념:배 10g, 간장 2g, 소금 0.1g, 겨자 1g, 식초 2g, 설탕 1g, 올리브오일 1g","['당면은 물에 불렸다가 끓는 물에 충분히 삶아 부드러워지면 차가운 물에 헹구어 물기를 뺀다.', '표고버섯은 불려 꼭 짜 채썬다.', '표교버섯은 간장, 들기름에 무쳐 팬에 볶는다.', '양배추, 오이, 당근, 깻잎, 상추, 피망, 파프리카는 곱게 채썬다.', '배를 강판에 갈아 간장, 소금, 식초, 겨자, 설탕을 넣어 잡채 양념을 만든다.', '큰 접시에 준비된 채소를 예쁘게 돌려 담고 가운데 당면을 놓은 후 양념을 부어준다.']",129.0,21.8,0.9,4.1,272.0
62,연근고구마샌드위치,"연근(200g), 고구마(200g), 견과류(30g),튀김가루(100g), 백년초가루(30g),달걀(1개), 식용유(500g), 소금(5g),식초(10g)","['연근 껍질을 제거하고 0.5cm\n두께로 끓는 물에 소금, 식초를\n넣어 살짝 데친다.', '고구마는 껍질을 제거하고 삶아\n으깬다.', '견과류는 잘게 다져 삶은\n고구마에 섞어 동그랑땡\n모양으로 만든다.', '튀김가루, 달걀, 소금을 넣고 튀김\n반죽을 만든다.(백년초가루로\n2가지 색의 반죽을 만든다)', '연근 사이에 으깬 고구마를\n넣는다.', '연근 샌드위치를 만들어 170℃\n기름에 튀긴다.']",420.7,53.6,10.5,18.2,22.6
63,파프리카깍두기(어린이용),"무(80g), 파프리카(20g), 사과(5g),현미(5g), 실파(0.5g), 멸치(5g), 마늘(3g),멸치액젓(5g), 올리고당(2g), 천일염(5g)","['무를 깍둑썰기하여 소금에 30분 \n간 절인다.', '실파를 잘게 다진다.', '파프리카, 사과, 멸치액젓,\n올리고당을 믹서에 넣고 간다.', '멸치로 다시물을 만들고\n현미밥과 다시물을 1:1로 넣어\n끓인 후 현미풀을 만든다.', '3번에 실파, 현미풀, 다진 마늘을\n넣고 양념을 만든다.', '절인 무를 체에 받쳐 소금물을\n제거하고 양념을 넣어 버무린다.']",122.6,24.3,5.5,0.4,19.1
64,묵은지비프롤,"소고기(불고기용, 100g), 묵은지(100g),팽이버섯(20g), 아스파라거스(10g),삼색파프리카(20g), 참나물(10g),달걀(1개), 전분(20g), 올리브오일(50g),매실액(30g), 레몬즙(30g), 소금(1g),후춧가루(0.5g)","['소고기는 올리브오일, 매실액,\n레몬즙, 소금, 후춧가루로\n밑간한다.', '묵은지는 흐르는 물에 헹궈\n양념을 제거한다.', '팽이버섯은 굵은 가닥으로\n분리하고 아스파라거스는\n밑기둥을 제거한다.', '빨강, 노랑, 주황 파프리카는\n막대모양으로 썬다.', '묵은지 위에 달걀 흰자를 바르고\n소고기를 펼치고 전분을 묻힌 뒤\n야채를 넣고 돌돌 만다.', '200℃로 예열한 오븐에 넣고\n15분간 굽는다.']",364.2,9.2,31.0,22.6,1.9
65,오이 짱아지 무침,"오이(1/2개), 고춧가루(10g), 매실액(15g),양파(10g), 파(5g), 마늘(5g), 참기름(5g)","['오이를 끓는 소금물에 넣고\n돌맹이로 누른다.', '오이 색이 노랗게 변하면 썰어서 \n물기를 완전히 제거한다.', '파, 마늘을 다진다.', '양파, 고춧가루, 매실액을 믹서에\n넣고 간다.', '4번에 참깨, 다진 파, 마늘, \n참기름을 섞어 양념을 만든다.', '오이에 양념을 넣고 잘 버무린다.']",96.5,17.3,4.0,1.2,8.9
66,비트 배추피클,"비트(10g), 배추(20g), 무(50g), 사과(50g),당근(10g), 식초(25g), 설탕(10g),월계수잎(2장), 통후추(2g), 물(100g)","['무와 배추를 1x4x1cm 크기로 \n자른다.', '비트는 2x4x0.3cm로 자른다. ', '당근은 모양내어 자른다.', '껍질 벗긴 사과와 물을 1:1 비율로\n넣고 갈아 체에 내려 건더기를\n제거한다.', '4번에 식초를 2:1 비율로 넣고\n월계수잎, 통후추를 넣고\n끓여준다.', '손질한 무, 배추, 비트, 당근을\n넣고 식혀준다.']",48.4,10.1,1.5,0.2,9.3
67,오징어와사비마요무침,"진미채(10g), 유자청(3g), 마요네즈(15g),와사비(3g), 레몬즙(2g), 깨(1g)","['진미채는 미지근한 물에 불린 뒤\n물기를 뺀다.', '물기 뺀 진미채를 따끈해질 \n때까지 마른 팬에 살짝 볶는다.', '유자청은 잘게 다진다.', '유자청에 마요네즈, 와사비,\n레몬즙을 섞어 양념을 만든다.', '진미채에 양념을 소량씩 \n넣으면서 버무린다.', '깨를 뿌려 마무리한다.']",347.6,16.2,19.6,22.7,10.7
68,삼색 버터롤,"홍시(25g), 호두(25g), 곶감(25g),대추(25g), 블루베리(25g), 크랜베리(25g),강력분(275g), 꿀(20g), 버터(40g),달걀(1/2개), 이스트(11g), 소금(5g),탈지분유(8g), 제빵개량제(2.5g), 물(140g)","['강력분, 꿀, 달걀, 이스트, 소금,\n탈지분유, 제빵개량제, 물을\n믹서에 넣고 섞는다.', '가루가 모두 녹아 섞이면 버터를\n넣고 완전히 섞은 뒤 세 덩어리로\n나눈다.', '60분 간 1차 발효 후 40g씩\n분할하여 둥글리기하고 15분 간\n중간 발효 한다.', '반죽을 손으로 굴려 뭉툭한 원뿔\n모양을 만들고 밀대로 밀어 긴\n삼각형 모양을 만든다.', '각 반죽에 홍시/호두, 곶감/대추,\n블루베리/크랜베리를 넣고\n버터롤을 모양을 만든다.', '40분 간 2차 발효 후 210℃\n오븐에서 10분 간 굽는다.']",446.8,68.3,14.0,13.1,9.9
69,고구마빵&과일잼,"고구마(75g), 제철과일(25g), 달걀(1/2개),우유(7g), 크랜베리(7g), 아몬드(5g),호두(5g), 올리고당(3g), 레몬즙(7g),올리브오일(3g)","['고구마는 껍질을 벗기고 적당한\n크기로 썰어 삶은 뒤 50g은\n으깨고 25g은 작게 자른다.', '으깬 고구마에 달걀노른자,\n우유를 넣고 섞는다.', '달걀흰자는 머랭을 만들어\n2번과 섞은 뒤 크랜베리, 잘라둔\n고구마와 살살 섞는다.', '유리용기 안쪽에 올리브오일을\n바르고 잘게 부순 아몬드와 호두를\n뿌린 뒤 3번을 담고 전자레인지로\n7분 간 가열한다.', '제철과일을 중불에서 10분 간 끓인\n뒤 올리고당을 넣고 한소끔 끓이고,\n레몬즙을 넣고 다시 한소끔 끓여\n저당 과일잼을 만든다.', '4번을 접시에 뒤집어 담고 저당\n과일잼을 곁들인다.']",198.4,35.9,5.1,3.8,23.1
70,감말랭이 찰빵,"감말랭이(10g), 쌀가루(7g), 보릿가루(7g),밀가루(6g), 고구마(13g), 냉동딸기(13g),흑임자(4g), 소금(0.5g), 식용유(100g)","['고구마는 삶은 뒤 껍질을\n제거한다.', '쌀가루, 보릿가루, 밀가루는 체에\n내린다.', '체에 내린 가루에 삶은 고구마,\n감말랭이, 냉동딸기, 흑임자를\n넣고 믹서에 간다.', '믹서에 간 반죽을 10cm 길이의 \n스틱모양으로 성형한다.', '170℃ 기름에 반죽을 튀긴다. ', '기름을 제거하고 그릇에 담는다.']",598.5,121.8,12.5,5.8,30.3
71,바나나 속 달걀빵,"달걀(2개), 바나나(30g), 밀가루(20g),우유(5g), 베이킹파우더(0.3g),버터(0.5g), 소금(0.1g), 물(8g)","['달걀노른자, 밀가루,\n베이킹파우더, 우유, 소금을 섞어\n반죽을 만든다.', '바나나 절반은 0.5cm 두께로\n자르고 나머지는 잘게 다진다.', '타르트팬에 버터를 바른 뒤\n반죽을 얇게 깔고 그 위에\n바나나를 담고 소금을 조금\n뿌린다.', '3번에 달걀흰자로 만든 머랭을\n올린다.', '머랭 가운데 바나나 1조각을\n올리고 노른자 물을 바른다.', '달군 팬에 물을 넣고 타르트팬\n채로 넣은 뒤 약불에서 15분 간\n익힌다.']",496.2,73.8,8.4,18.6,20.9
72,두부빼빼로,"두부(25g), 포도(10g), 호두(1g),검은깨(1g), 식빵(7.5g), 밀가루(5g),계피가루(1g), 소금(0.1g), 꿀(2g),식용유(5g), 물(8g)","['두부를 칼등으로 곱게 으깬 후\n면포에 싸서 물기를 짠다.', '식빵은 믹서에 갈아 빵가루를\n만들고, 포도는 믹서에 간 뒤 걸러\n포도즙을 만든다.', '냄비에 포도즙, 꿀, 물, 소금을\n넣고 끓으면 불을 끄고 식용유를\n넣고 섞는다.', '밀가루에 계피가루, 으깬 두부,\n검은깨, 다진 호두를 넣고\n반죽한다.', '짤주머니에 반죽을 넣고 15cm\n길이로 팬에 짠다.', '반죽표면에 3번을 바르고 180℃\n오븐에 15분 간 굽는다.']",411.0,53.0,14.3,15.7,8.5
73,땅콩호박 타르트,"땅콩호박(1/2개), 아몬드가루(13g),버터(15g), 박력분(35g), 요거트(10g),달걀(1/2개), 사과(1/2개), 전분(5g),소금(0.5g), 호두(5g)","['차가운 버터에 박력분,\n아몬드가루, 소금을 넣어\n으깨가면서 섞는다.', '달걀과 물을 넣고 섞어 반죽을\n만들어 휴지시킨다.', '휴지시킨 반죽을 밀대로 밀어\n커터로 모양을 찍은 뒤 180℃\n오븐에 굽는다.', '땅콩호박을 삶아 체에 걸러 으깬\n뒤 사과즙, 달걀을 넣고 중탕하여\n섞는다.', '4번에 전분을 조금씩 넣으면서\n농도를 맞춘 뒤 요거트를 넣는다.', '5번을 짤주머니에 담은 뒤 3번\n위에 굵게 짜주고 다진 호두를\n뿌린다.']",337.0,35.5,7.2,18.5,10.9
74,고구마 바나나 무스,"고구마(50g), 바나나(17g), 달걀(1개),크림치즈(10g), 우유(20g), 생크림(25g),딸기잼(15g), 젤라틴(8g), 바닐라빈(1g),올리고당(2g)","['삶아 으깬 고구마와 으깬\n바나나를 섞는다.', '볼에 달걀노른자, 올리고당,\n우유, 바닐라빈을 넣고 중탕시켜\n걸쭉하게 만든 뒤 1번과 섞는다.', '2번에 휘핑한 생크림을 넣고 섞은\n뒤 젤라틴을 넣는다.', '딸기잼에 우유를 넣고 끓여\n젤리를 만든다.', '무스 틀에 3번과 딸기잼 젤리를\n차곡차곡 넣어 굳힌다.', '굳힌 무스위에 크림치즈를\n올린다.']",211.2,35.0,11.5,2.8,24.7
75,단호박치즈스틱,"단호박(200g), 새우살(120g),삼색파프리카(80g), 양파(40g),옥수수(20g), 모짜렐라치즈(20g),춘권피(10장), 생크림(15g), 식용유(40g)","['단호박은 찜통에 찐 뒤 껍질을\n제거하고 으깨 생크림을 넣고\n섞는다.', '새우살, 파프리카, 양파는 잘게\n다진 뒤 팬에 식용유를 두르고\n볶는다.', '볼에 1번과 2번, 옥수수, 소금을\n넣고 잘 섞는다.', '춘권피에 3번을 넓게 펴준 뒤  \n모짜렐라 치즈를 올린다.', '춘권피를 잘 말아 모양을 만든다.', '180℃ 기름에 튀긴다.']",526.8,80.1,14.7,16.4,9.2
76,크랜베리 샤브레 쿠키,"크랜베리(8g), 슈가파우더(10g),박력분(30g), 아몬드가루(10g),백년초가루(2g), 우유(3g), 버터(25g)","['실온에 둔 버터를 휘핑기로\n풀어준 뒤 슈가파우더를 넣고\n섞는다.', '박력분, 아몬드가루, \n백년초가루를 넣고 섞는다.', '크랜베리를 넣고 섞는다.', '우유를 넣고 섞는다.', '동그란 원기둥 모양으로 만들어\n냉동실에서 1시간 정도 굳힌다.', '굳은 반죽을 1cm 두께로 잘라\n180℃ 오븐에서 15분 간 굽는다.']",367.2,45.8,3.8,18.7,18.7
77,생과일 타르트,"박력분(50g), 버터(27g), 달걀(1/4개),아몬드가루(9g), 꿀(2g), 생크림(37g),블랙초콜릿(83g), 키위(10g),블루베리(10g), 체리(10g)","['믹서로 버터를 풀어준 뒤 달걀,\n꿀을 넣고 섞는다.', '박력분과 아몬드가루는 체에\n내려 주걱으로 섞은 뒤 밀봉하여\n냉장고에서 30분 간 휴지시킨다.', '0.2~0.3cm 두께로 밀어 편 뒤\n틀에 담아 포크로 구멍을 내고\n170℃ 오븐에서 25분 간 굽는다.', '생크림을 끓인 후 블랙초콜릿을\n넣고 섞는다.', '구운 타르트에 4번을 반 정도\n채운 뒤 냉동실에서 10분 간\n굳힌다.', '과일을 적당한 크기로 잘라\n타르트에 올린다.']",459.8,55.4,6.4,23.6,18.6
78,당 떨어진 마들렌,"대추고(5g), 대추(2알), 당근퓨레(5g),녹차가루(5g), 팥앙금(5g), 박력분(150g),꿀(15g), 버터(150g), 달걀(2개),베이킹파우더(3g), 소금(0.8g)","['박력분, 베이킹파우더, 소금을\n체친 뒤 달걀을 2~3회 나누어\n넣는다.', '1번을 3등분 하여 대추고,\n채썬대추/당근퓨레/녹차가루,\n팥앙금을 각각 섞는다.', '각각에 녹인 버터(50g)를 넣고\n부드럽게 섞은 뒤 비닐을 덮어\n실온에서 30분 간 휴지시킨다.', '마들렌 팬을 깨끗이 닦고 버터를\n바른 뒤 밀가루를 뿌린다.', '짤주머니에 원형 깍지를 끼우고 \n반죽을 채운 뒤 팬에 80~90%\n정도 짜 넣는다.', '175℃ 오븐에서 20분 간 굽는다.']",661.8,73.8,8.9,36.8,44.0
79,삼색 머핀,"당근(10g), 시금치(10g), 사과(10g),호두(5g), 크랜베리(5g), 박력분(150g),꿀(15g), 버터(90g), 달걀(2개), 소금(1.5g),베이킹소다(0.6g), 베이킹파우더(2.4g),물(50g)","['당근, 시금치, 사과는 물에 익힌\n후 각각 갈아 퓨레를 만든다.', '볼에 버터를 부드럽게 풀고 소금,\n꿀을 섞어 녹이고 달걀을 2~3회\n나눠 넣으며 크림을 만든다.', '2번에 박력분, 베이킹소다,\n베이킹파우더를 체쳐 넣고\n가볍게 섞는다.', '반죽을 3등분 한 뒤 당근퓨레/\n사과퓨레/시금치퓨레를 각각\n섞고 크랜베리, 호두로 장식한다.', '잘 섞은 반죽을 머핀틀에 70%\n채워 넣는다.', ' 175℃ 오븐에서 30분 간 굽는다.']",651.3,82.6,9.5,31.4,36.5
80,과일 김치,"사과(30g), 배(10g), 복숭아(15g),토마토(25g), 치커리(3g), 고춧가루(2g),마늘(3g), 깨(2g), 참기름(2g), 소금(0.5g)","['토마토는 십자로 칼집을 내고\n끓는 물에 살짝 데쳐 껍질을\n벗긴다.', '사과, 복숭아는 깍둑썰고 소금에 \n10분 정도 절인다.', '배를 강판에 갈고, 마늘은 다진다.', '갈아둔 배에 고춧가루, 다진 마늘,\n깨, 참기름을 섞어 양념을 만든다.', ' 절여둔 과일을 양념과 섞는다. ', '치커리를 넣고 섞는다.']",98.3,20.8,2.3,0.6,14.6
81,달코미 고구마 타르트,"딸기(150g), 고구마(180g), 요거트(85g),만두피(35g), 우유(3g), 식용유(700g)","['고구마 껍질을 벗기고 얇게 썬 뒤\n삶아 잘게 으깬다.', '요거트와 우유를 으깬 고구마에\n섞어 고구마무스를 만든다.', '만두피를 국자를 이용해\n그릇모양으로 만들어 튀긴다.', '튀긴 만두피의 기름을 제거한다.', '만두피 그릇에 고구마무스를\n채운다.', '딸기를 입자있게 잘라 졸인 뒤\n고구마무스 위에 올린다.']",359.9,64.6,7.2,8.1,30.8
82,콩가루 고구마 타르트,"콩가루(15g), 고구마(175g), 박력분(65g),버터(80g), 우유(25g), 달걀(1/2개),생크림(30g), 꿀(15g), 소금(1g)","['박력분, 콩가루를 체에 내리고\n버터(50g)를~ 잘게 잘라 섞은 뒤\n소금 녹인 물을 조금씩 섞는다.', '반죽을 한 덩어리로 뭉쳐 냉장고에 1시간 정도 휴지키신 뒤 밀대로 0.3cm 두께로 밀고 표면에 구멍을 낸다.', '2번을 타르트 틀에 넣어 밀착시키고 냉장고에 20분 간 휴지시킨 뒤 누름돌을 올리고 150℃ 오븐에 8분 간 굽는다.', '버터(30g)를 풀어 꿀을 넣고 크림화 한 뒤 달걀을 섞고 휘핑한 생크림을 섞고 삶아 으깬 고구마와 콩가루를 섞는다.', '고구마를 주사위 모양으로 잘라 오븐에 굽는다.', '타르트에 콩가루 고구마 크림을 올리고 그 위에 구운 고구마와 꿀을 올린다.']",303.0,49.0,4.3,10.0,22.3
83,코마레티,"아몬드슬라이스(50g),코코넛슬라이스(50g), 설탕(15g),달걀(1개)","['아몬드슬라이스를 비닐봉지에 넣고 적당한 크기로 조각낸다.', '달걀흰자와 설탕을 넣고 설탕이 섞일 정도만 풀어준다.', '2번에 조각낸 아몬드슬라이스와 코코넛슬라이스를 넣고 섞는다.', '20g씩 원형으로 팬에 올린다.', '160℃ 오븐에서 굽는다.', '20분 정도부터 색이 나면 오븐에서 꺼내 식힌다.']",679.1,41.0,21.8,47.6,18.8
84,수(Sugaer)다(Down) 고구마 케이크,"밤고구마(65g), 요거트(18g), 키위(7g),파인애플(7g), 카스테라(2g),블루베리(5g)","['고구마는 깨끗하게 씻은 뒤 껍질을 벗기고 찐다.', '찐 고구마를 으깨고 요거트와 섞는다.', '카스테라를 체에 갈아 가루를 만든다.', '키위, 파인애플을 적당한 크기로 자른다.', '무스틀에 2번을 넣어 평평하게 펴주고 키위, 블루베리, 파인애플을 넣고 요거트를 올린 뒤 다시 고구마를 넣어 펴준다.', '카스테라 가루를 뿌리고 키위, 블루베리, 파인애플을 올린다.']",227.9,44.2,4.8,3.5,29.9
85,단구마 무스 샌드 케이크,"고구마(30g), 단호박(30g), 생크림(60g),달걀(2개), 박력분(30g), 우유(15g),설탕(10g), 버터(3g), 레몬즙(1g),크랜베리(15g)","['달걀 노른자를 휘핑하고 박력분을 넣은 뒤 우유와 녹인 버터를 넣고 섞는다.', '달걀 흰자는 레몬즙과 설탕을 3번에 나누어 넣으면서 머랭을 만든다.', '머랭과 크랜베리를 노른자 반죽에 넣고 부드럽게 섞는다.', '180℃ 오븐에서 15분 정도 구워 시트를 만든 뒤 컵모양으로 자른다.', '고구마와 단호박은 삶은 뒤 껍질을 벗기고 각각 체에 내려 생크림을 섞는다.', '시트, 단호박무스, 고구마무스 순서로 여러겹 쌓아 올린다.']",512.3,82.8,12.2,14.7,40.6
86,당근&그릭요거트 케이크,"당근퓨레(5g), 박력분(150g), 달걀(3개),버터(37g), 꿀(5g), 소금(2g), 설탕(180g),베이킹파우더(1.5g), 바닐라향(1g),그릭요거트(150g), 제철과일(10g)","['달걀 노른자를 풀어준 뒤 설탕(90g), 소금, 바닐라향을 3번에 나눠 넣으며 섞는다.', '달걀 흰자는 60% 머랭을 만든 뒤 설탕(90g)을 조금씩 넣으면서 단단한 머랭을 만든다.', '1번에 머랭 1/3을 넣고 섞은 뒤 박력분, 베이킹파우더를 체에 내려 섞는다.', '3번에 꿀과 버터를 녹여 섞은 뒤 나머지 머랭을 넣고 원형틀에 절반 정도 반죽을 채운다.', '170℃ 오븐에서 30분 간 구워 시트를 만든다.', '시트와 당근퓨레를 섞은 그릭요거트를 번갈아 쌓고 맨 위에 제철과일을 올린다.']",22.8,39.3,6.1,4.6,23.7
87,완두콩 롤,"완두콩(50g), 식빵(50g), 찹쌀가루(20g),우유(25g), 올리고당(2g)","['완두콩은 삶은 뒤 믹서에 간다.', '간 완두콩에 올리고당, 우유를 넣고 졸인다.', '찹쌀가루는 익반죽하여전자레인지에 3분 가열 후 숟가락으로 젓고 2분 간 더 돌려떡을 만든다.', '식빵은 밀대로 밀어 납작하게 한 뒤 가장자리를 자른다.', '식빵위에 찹쌀떡을 넓게 펴 바르고 그 위에 졸인 완두콩을 올린다.', '5번을 돌돌 말아 고정시킨 뒤 먹기 좋은 크기로 자른다.']",310.8,64.8,8.1,2.1,4.3
88,단호박두부팬케이크,"단호박(25g), 두부(10g), 밀가루(75g),타가토스(10g), 우유(15g), 식용유(3g)","['단호박은 찜통에 찐 뒤 껍질을 벗기고 으깬다.', '으깬 단호박, 두부, 우유를 믹서에 넣고 간다.', '밀가루, 타가토스를 체에 곱게 내린다.', '2번, 3번을 섞어 팬케이크 반죽을 만든다.', '팬에 식용유를 두르고 약불에서 팬케이크를 굽는다.', '접시에 담는다.']",339.5,53.3,11.2,9.0,6.4
89,약밥 닮은 호떡,"호떡반죽(200g), 밤(30g), 고구마(30g),곶감(50g), 호두(10g), 호박씨(10g),잣(5g), 대추(1알), 계피가루(8g),식용유(15g), 물(80g)","['호떡반죽에 물을 넣고 반죽한 뒤 발효시킨다.', '밤, 고구마, 대추, 곶감, 호두를 다진다.', '2번에 잣, 호박씨, 계피가루, 홍시를 섞는다.', '발효시킨 반죽에 3번을 채우고 동그랗게 빚는다.', '팬에 식용유를 두른다.', '가열된 팬에 반죽을 올린 뒤 납작하게 눌러 굽는다.']",401.4,60.1,7.9,14.4,12.4
90,두부티라미수,"두부(80g), 고구마(120g),마스카포네치즈(12g), 크랜베리(2g),두유(5g), 호두(15g), 아몬드(8g),박력분(2g), 아몬드가루(3g), 버터(2g)","['고구마는 껍질을 벗기고 삶아 으깬 뒤 체에 내린다.', '두부, 크랜베리, 마스카포네치즈, 두유를 믹서에 넣고 갈아 두부크림을 만든다.', '두부크림에 다진 호두, 아몬드를 섞는다.', '실온의 말랑한 버터에 박력분과 아몬드가루를 넣고 보슬보슬하게 섞어 소보루 반죽을 만든다.', '4번을 170℃ 오븐에서 15분 간 굽는다.', '투명한 컵에 으깬 고구마와 두부크림을 켜켜이 쌓고 마지막에 소보루를 올린다.']",693.0,92.3,7.5,32.6,34.4
91,두부있슈,"연두부(60g), 요거트(100g), 중력분(22g),버터(22g), 달걀(1개), 소금(0.2g),딸기(60g), 호두(20g), 물(27g)","['물, 소금, 버터를 끓이면서 버터가 녹으면 잘 저어 중력분을 섞어 호화시킨다.', '불을 끄고 달걀을 조금씩 넣어가며 섞어 반죽에 끈기가 생기게 한다.', '짤주머니에 원형 깍지를 끼우고 철판에 도톰하게 짠 뒤 분무기로 반죽 표면에 물을 뿌린다.', '190℃ 오븐에서 20분 간 굽는다.', '딸기는 다진 후 냄비에 졸인다.', '식힌 슈를 가로로 자르고 요거트, 연두부, 딸기, 호두로 속을 채운다.']",416.5,27.7,18.3,25.8,1.7
92,바나나 생강 크림이 들어간 미숫가루 쿠키슈,"바나나(2개), 생강가루(2g),휘핑크림(100g), 코코넛밀크(25g),미숫가루(10g), 박력분(45g), 버터(35g),코코넛설탕(12g), 달걀(1개), 소금(0.5g),물(40g)","['실온의 버터(15g)와 코코넛설탕을 섞은 뒤 박력분(15g), 미숫가루를 체쳐 쿠키반죽을 만들어 냉장고에서 휴지시킨다.', '휴지시킨 쿠키반죽을 넓게 밀어 편 뒤 원형 커터로 자른다.', '바나나, 코코넛밀크, 생강가루를 믹서에서 곱게 갈아 퓌레를 만들고 휘핑한 생크림과 섞는다.', '버터(20g), 물, 소금을 끓인 후 체친 박력분(30g)을 넣고 반죽에 얇은 막이 생길 때 까지 볶아 호화시킨다.', '4를 식힌 뒤 달걀을 섞고 팬에 둥글게 짜준 뒤 분무기로 물을 뿌린다.', '5에 잘라둔 쿠키반죽을 올리고 190℃ 오븐에서 25분 정도 굽고 3번으로 속을 채운다.']",319.1,32.6,6.8,17.9,10.4
93,단호박몽블랑,"단호박(150g), 아몬드가루(45g),박력분(15g), 스테비아(2g), 달걀(2.5개),올리고당(40g), 가루녹차(1.5g),생크림(210g), 판젤라틴(2g),마스카르포네치즈(35g), 설탕(15g)","['달걀흰자와 올리고당(50g)을 섞어 머랭을 만들고 아몬드가루, 스테비아, 박력분, 가루녹차를 섞는다.', '짤주머니에 반죽을 담아 원형틀에 짜 넣고 170℃ 오븐에서 15분 간 굽는다.', '마스카르포네치즈(20g)와 설탕을 섞어 부드럽게 만든 뒤 생크림(120g)을 섞고 젤라틴으로 농도를 맞춘다.', '단호박을 삶은 후 볶아 수분을 날리고 올리고당, 계피가루, 마스카르포네치즈를 넣고 섞는다.', '4번에 생크림(90g)을 넣고 잘 섞은 뒤 젤라틴으로 농도를 맞춘다.', '가루녹차 다쿠아즈를 깔고 그 위에 짤주머니로 치즈크림, 단호박크림 순으로 올린다.']",424.7,73.8,14.1,8.1,32.6
94,렌틸콩 크레이프,"렌틸콩(레드, 20g), 중력분(15g),달걀(1/2개), 우유(50g), 생크림(30g),설탕(3g), 버터(2g), 크림치즈(10g),귤(60g), 키위(60g), 블루베리(20g)","['렌틸콩을 삶아 믹서에 갈고 체 친 중력분과 섞은 뒤 달걀을 섞는다.', '1번에 우유, 생크림을 섞은 뒤 녹인 버터를 빠르게 섞어 크레이프 반죽을 만들어 팬에 굽는다.', '크림치즈에 생크림(10g)을 조금씩 넣으면서 섞는다.', '냄비에 3번과 우유를 끓이다가 설탕, 달걀노른자를 조금씩 섞어 끓인 뒤 얼음물에 받쳐 식힌다.', '귤, 키위, 블루베리를 먹기 좋은 크기로 자른다.', '크레이프 안쪽에 크림치즈 크림을 바르고 과일을 담은 뒤 4번의 소스를 올린다.']",595.3,81.7,19.7,21.1,17.3
95,콩 판나코타,"렌틸콩(레드, 20g), 완두콩(30g),생크림(40g), 설탕(8g), 판젤라틴(2g)","['완두콩과 렌틸콩은 각각 삶은 뒤 믹서에 간다.', '완두콩과 렌틸콩에 각각 생크림(20g)과 설탕(4g)을 넣고 냄비에 끓인다.', '젤라틴 1g을 물에 넣어 불린다.', '2번에 각각 불린 젤라틴을\n혼합하여 녹인다.', '용기에 4번의 렌틸콩을 붓고\n얼린다.', '5번이 어느정도 굳으면 4번의\n완두콩을 붓고 얼린다.']",300.1,39.0,23.3,2.6,4.7
96,바나나 스틱,"바나나(100g), 중력분(85g),옥수수가루(35g), 아몬드가루(20g),베이킹파우더(3g), 버터(30g), 소금(1g),달걀(1개), 크랜베리(30g), 땅콩(30g),흑임자(30g)","['크랜베리는 작게 자르고\n바나나는 구운 후 으깬다.', '중력분, 옥수수, 아몬드가루,\n베이킹파우더를 체 친 후 소금을\n섞고 바나나와 달걀을 섞는다.', '버터를 부드럽게 만들어 반죽에\n넣고 섞는다.', '반죽을 10g으로 분할하고\n10cm정도의 막대 모양으로 만들고\n일부는 크랜베리를 속에 넣어준다.', '손잡이 부분을 제외한 부분을 \n흑임자, 잘게부순 땅콩에 굴린다.', '170℃ 오븐에서 25분 간 굽는다.']",395.7,71.9,6.4,9.2,35.3
97,빵 대신 어묵 사라다,"어묵(150g), 양파(100g), 당근(10g),양배추(20g), 푸룬(15g), 아몬드(10g),요거트(30g), 마요네즈(35g), 달걀(1/2개),빵가루(50g), 밀가루(50g), 식용유(8g),물(180g)","['양배추, 당근, 양파는 채 썬다.', '채 썬 양파(50g)를 볶다가 물(40g)을 넣은 뒤 믹서로 간다.', '2번에 요거트, 마요네즈, 아몬드, 푸룬을 넣고 믹서로 간다.', '채 썬 양배추, 당근에 3번을 넣고 버무린다.', '어묵은 반을 자르고 밀가루, 달걀, 빵가루 순으로 묻혀 팬에 굽는다.', '어묵 사이에 4번을 넣는다.']",369.1,30.9,11.9,22.0,11.1
98,자색고구마찹쌀푸딩,"자색고구마(40g), 우유(120g),찹쌀가루(4g), 소금(0.1g)","['자색고구마는 솔로 문질러 깨끗하게 씻는다.', '껍질을 벗기고 찐다.', '찐 자색고구마와 우유, 소금을 믹서에 곱게 간다.', '3번을 고운 체에 걸러 덩어리를 없앤다.', '볼에 4번을 넣고 찹쌀가루를 넣어 잘 풀리도록 젓는다.', '5번을 끓이다가 엉기기 시작하면 그릇에 담아 차게 식힌다.']",165.2,29.2,4.1,3.6,13.1
99,꽃설기,"멥쌀가루(112g), 대추(5알),백년초가루(3.5g), 단호박가루(3.5g),시금치가루(3.5g), 설탕(3g), 백앙금(25g),우유(2g), 호박씨(3g)","['다양한 색상의 가루를 각각 멥쌀가루와 섞은 뒤 물 15g을 넣고 섞는다.', '1번을 한번 더 체에 내리고 설탕 3g을 넣고 섞는다.', '2번에 불린 대추 속살을 섞는다.', '찜기에 김이 오르면 면보를 깔고 모양틀을 넣은 뒤 3번을 넣는다.', '윗면을 고르게 정리하고 20분 간 찐다.', '호박씨, 대추로 장식한다.']",374.0,81.9,7.0,2.0,3.0
100,크랜베리 소보로 떡,"쌀가루(25g), 찹쌀가루(13g),크랜베리(8g), 건포도(8g), 견과류(8g)","['쌀가루, 찹쌀가루에 크랜베리, 건포도, 견과류를 섞어 믹서에 간다.', '가루에 물기가 스미도록 물을 넣고 골고루 섞는다.', '2번을 체에 내린다.', '체에 걸러진 큰 가루는 따로 담아 떡위에 올릴 소로 사용한다.', '원형틀에 3번의 가루를 담고 위에 4번의 소를 올린다.', '김이 오른 찜기에서 25분 간 찐다.']",302.7,63.1,5.3,3.2,9.0
101,오미자 샹그리아,"오미자(30g), 사과(80g), 오렌지(100g),딸기(80g), 포도(80g), 배(80g)","['오미자를 세척한 뒤 물에 담궈 맛을 낸다.', '사과, 오렌지, 딸기, 포도, 배를 세척한다.', '세척한 과일을 작고 얇게 슬라이스한다.', '1번에 3번을 넣어 숙성시킨다.', '따뜻하게 먹을 때는 계피를 넣어 끓인다.', '컵에 담는다.']",93.5,21.4,1.0,0.5,13.8
102,톡톡! 오미자 펀치,"말린오미자(5g), 배(50g), 꿀(5g), 잣(3알),생수(150g), 각얼음(3개)","['말린오미자는 깨끗이 씻은 뒤 생수 150g을 부어 하루정도 우려낸다.', '우려낸 오미자를 체에 거른다.', '배를 강판에 곱게 간 뒤 면포에 싸서 배즙을 짠다.', '우린 오미자와 배즙을 섞은 후 꿀을 넣고 골고루 섞는다.', '믹서기에 얼음을 갈아 한 스푼 얹는다.', '잣을 띄워 장식한다.']",156.2,37.9,0.8,0.1,26.1
103,사과비트에이드,"사과(60g), 비트(2g), 레몬즙(0.5g),탄산수(100g)","['사과(55g)와 비트는 깨끗하게 손질한 뒤 적당한 크기로 썬다.', '나머지 사과는 0.5cm 주사위 모양으로 자르고 물에 담근다.', '믹서에 1번을 넣고 간다.', '냄비에 물기를 제거한 2번과 레몬즙을 넣고 졸인다.', '냄비에 3번을 넣고 졸인다.', '유리컵에 4,5번을 넣고 탄산수를 부어 완성한다.']",30.4,6.7,0.7,0.1,5.2
104,밤 라떼,"밤(200g), 우유(180g), 두유(20g),아몬드(3g)","['밤을 냄비에 푹 삶는다.', '삶은 밤은 반을 쪼갠 뒤 속을 파낸다.', '믹서에 밤, 우유, 두유를 넣고 간다.', '3번을 체에 걸러 덩어리를 제거한다.', '아몬드를 잘게 다진다.', '4번을 컵에 담고 다진 아몬드를 뿌린다.']",337.2,40.5,13.9,13.3,14.1
105,자두 라떼,"자두(200g), 우유(250g), 꿀(10g), 물(15g)","['자두를 깨끗이 씻어 얼린다.', '얼린 자두와 꿀, 물을 믹서에 넣고 간다.', '믹서에 간 자두의 일부를 얼음틀에 넣고 얼린다.', '믹서에 간 자두를 컵에 담는다.', '3번을 컵에 담는다.', '우유를 붓는다.']",210.0,30.3,6.2,7.1,18.5
106,와인배숙,"배(1/2개), 사과(1/2개), 레드와인(200g),계피(5g), 통후추(6알)","['배와 사과는 스쿠퍼로 동그랗게 모양을 만든다.', '냄비에 와인을 넣고 계피, 통후추와 함께 약불에서 끓인다.', '와인이 끓기 시작하면 배와 사과를 넣고 양이 반이 될 때까지 졸인다.', '차갑게 식힌다.', '4번을 용기에 담는다.', '졸여진 배와 사과를 과일꼬지에 꽂아 곁들인다.']",107.5,25.4,0.9,0.3,16.4
107,유자애(愛) 빠지다,"유자(200g), 밤(25g), 대추(15g), 배(50g),석류(20g), 꿀(10g), 소금(0.5g), 물(300g)","['유자는 십자로 갈집을 낸 뒤 끓는 소금물에 데쳐 껍질을 깨끗이 한다.', '유자는 속을 꺼내 씨를 제거하고 유자속과 속껍질을 얇게 채 썬다.', '밤, 대추, 배는 채 썰고 2번과 섞어 소를 만든다.', '속을 빼낸 유자에 소를 2/3쯤 채워 입구를 실로 묶는다.', '유자묶음을 용기에 채워 넣은 후 꿀물을 붓고 잘 밀봉하여 냉장고에 보관한다.', '3~4주 정도 숙성한 뒤 석류를 곁들여 먹는다.']",153.2,34.2,3.4,0.3,15.2
108,쌀콩죽 요거트,"우유(65g), 배(60g), 고구마(35g),요거트(3g), 쌀가루(5g), 메주콩(5g)","['우유에 요거트를 넣어 발효시킨다.', '메주콩을 3시간 정도 불린 뒤 불린 콩의 3배의 물을 넣고 삶아\n믹서에 간다.', '쌀가루와 2번을 섞은 뒤 냄비에 끓여 쌀콩죽을 만든다.', '배는 껍질을 제거하고 밥솥에 푹 삶아 믹서에 간다.', '고구마는 삶아 껍질을 제거한다.', '제조한 요거트(1번)에 쌀콩죽, 배즙, 고구마를 넣고 믹서에 곱게 간다.']",166.5,22.9,9.3,4.2,8.7
109,상큼하자두,"자두(100g), 오렌지(170g), 탄산수(100g),민트잎(5g), 얼음(145g)","['자두(30g)를 잘게 다진다.', '나머지 자두는 강판에 간다.', '오렌지는 즙을 낸다.', '오렌지 즙에 1,2번을 넣고 섞는다.', '컵에 4번을 넣고 얼음을 넣은 다음 탄산수를 붓는다.', '민트잎을 올린다.']",40.4,9.0,0.7,0.1,4.9
110,비트두유,"비트(15g), 무첨가두유(200g),타가토스(5g)","['비트를 흐르는 물에 깨끗이 씻는다.', '비트를 작게 깍뚝썰기한다', '두유에 타가토스를 넣고 완전히 녹도록 섞는다.', '잘라둔 비트와 3번을 믹서에 넣고 곱게 간다.', '딸기우유 정도의 색이 날 때 까지 간다.', '체에 걸러 건더기가 없이한다.']",139.6,10.2,7.4,7.7,7.0
111,렌틸콩 두유,"렌틸콩(레드, 70g), 우유(150g),레몬(1/2개), 딸기(130g), 꿀(15g),판젤라틴(1.5g), 설탕(3g)","['렌틸콩을 삶아 믹서에 간다.', '딸기(100g)를 믹서에 갈고 1번, 우유, 꿀, 레몬즙을 넣고 섞는다.', '젤라틴을 물에 담궈 불린다.', '딸기를 믹서에 갈아 퓨레를 만들고 설탕을 넣고 끓인다.', '4번을 식힌 뒤 젤라틴을 넣고 틀에 넣어 냉동실에서 굳힌다.', '2번을 컵에 담고 위에 딸기젤리를 올린다.']",87.5,16.4,5.3,0.1,14.8
112,고구마치즈크로켓,"호박고구마(200g), 새우살(80g),삼색파프리카(80g), 양파(40g),모짜렐라치즈(40g), 밀가루(20g),달걀(1개), 빵가루(20g), 생크림(15g),버터(10g), 꿀(5g), 식용유(40g)","['고구마는 찜통에 찐 후 껍질을 제거하고 으깨 생크림, 꿀을 넣고 섞는다.', '새우살, 파프리카, 양파는 잘게 다진 뒤 팬에 버터를 두르고 볶는다.', '볼에 1번과 2번을 넣고 서로 잘 섞이도록 치댄다.', '3번을 한입 크기로 떼어낸 후 가운데 모짜렐라 치즈를 넣고 공모양으로 만든다.', '크로켓에 밀가루, 달걀물, 빵가루 순으로 묻힌다.', '180℃의 기름에 크로켓을 튀긴다.']",450.0,57.9,18.0,16.3,29.7
113,배·라임 모히또,"배(1개), 라임(1개), 탄산수(500g),애플민트(5g), 스테비아(5g)","['라임을 반으로 잘라 즙을 짠다.', '라임즙과 배를 믹서에 넣고 간다.', '2번에 애플민트와 올리고당,탄산수를 넣고 믹서로 간다.', '냉동실에 3번을 넣고 얼린다.', '얼린 모히또를 믹서에 갈아 슬러시처럼 만든다.', '잔에 담고 애플민트로 장식한다.']",102.7,24.7,0.8,0.1,16.2
114,포도청 보리 수단,"포도(150g), 보리(10g), 전분(30g),녹차(티백, 1개), 설탕(10g)","['포도는 껍질과 씨를 제거한 뒤  설탕을 넣고 포도청을 만든다.', '찬물에 녹차를 우려낸다.', '보리를 깨끗이 씻은 뒤 푹 삶는다.', '삶은 보리에 전분을 묻혀 끓는 물에 삶아 건지는 것을 반복한다.', '포도청에 우려낸 녹차를 10:1 비율로 넣는다.', '보리수단을 넣는다.']",88.3,21.1,0.5,0.2,11.1
115,감자주스,"감자(400g), 우유(200g), 설탕(10g)","['감자를 깨끗이 씻는다.', '냄비에 설탕을 넣고 감자를 삶는다.', '삶은 감자의 껍질을 벗긴다.', '껍질 벗긴 감자를 우유와 믹서에넣고 간다.', '4번을 체에 걸러 부드럽게 만든다.', '컵에 담는다.']",171.9,20.5,7.6,6.6,8.4
116,배쨈 식빵,"(반죽) 강력분 500g, 인스턴트 이스트 5g, 소금 7g, 달걀 50g(1개), 우유 250g, 포도씨유 50g(속) 배 1개, 전분물 24g(토핑) 배 1개","['(속재료) 배는 껍질을 제거하고 믹서기에 갈아 준 후 체에 걸러 배즙을 만든다. 배즙을 냄비에 넣고 전분과 함께 중불로 20분간 끓여서 배 시럽을 만든다.', '(토핑) 배는 1개는 작게 잘라 건조시켜 배 크런치 10g을 만든다.', '강력분, 소금, 이스던트 이스트를 잘 섞다가 달걀과 미지근하게 데운 우유, 포도씨유를 조금씩 넣어가며 반죽한다.', '완성된 반죽을 1-2시간동안 실온에서 1차 발효 시킨 후, 세 덩어리로 나누어 15분 정도 2차 발효 해준다.', '2차 발효를 마친 반죽 세덩어리를 포도씨유가 발린 식빵틀에 나란히 담아서 180도로 예열한 오븐에 30분 정도 굽는다.\n★꼬지로 찔렀을 때 반죽이 묻어나지 않으면 다 익은 거예요.""', '구워진 식빵에 배시럽을 바르고 그 위에 건조시켜 만든 배 크런치를 뿌린다.']",303.0,50.96,10.49,6.43,4.98
117,사과 견과류 식빵,"(반죽) 강력분 250g, 소금 5g, 드라이이스트 6g, 버터 25g, 달걀 22g, 우유 175g (속) 사과 500g (2개), 견과류 15g","['(속재료) 사과 1개와 견과류는 다이스하고 사과 1개는 강판에 간 후 냄비에 졸인다.\n★ 사과를 졸이면 단 맛이 농축되고, 갈변도 막을 수 있어요.', '강력분과 소금, 이스트, 우유, 물을 넣고 반죽하여 어느 정도 글루텐이 형성되면 버터를 넣어 반죽한다.', '반죽을 60분 정도 1차 발효하고 분할해 둥글리기 하여 중간 발효한다.', '중간발효가 끝난 반죽은 길게 밀어 편 후 졸인 사과와 견과류를 넣어 롤로 말아 30분간 2차 발효한다.', '2차 발효한 반죽 위에 계란물을 발라 아랫불160℃, 윗 불180℃의 오븐에 넣고 30분간 굽는다.', '5분정도 남았을 때 꺼내 계란물을 한 번 더 발라 아랫불 170℃, 윗불 180℃로 구워 윗면에 색을 내준다.\n★ 굽는 중간에 틀을 돌려주면 골고루 구워져요.']",269.0,44.91,9.23,5.84,6.42
118,카카오 깜빠뉴,"(반죽) 강력분 500g, 소금 8g, 코코아 30g, 버터 38g, 생이스트 8g, 드라이이스트(레드) 4g, 파트 페레멘테 95g, 우유 114ml, 물 236g (속) 카카오 닙스 94g, 호두 94g, 건포도 150g","['버터를 제외한 모든 재료를 넣어 반죽하다가 버터를 넣어 최종까지 믹스한다. 믹스된 반죽에 속재료를 넣어 골고루 섞는다.', '1차 발효 30분 후 punch 후 35분 발효 시킨다.\n★punch는 가스를 빼는 과정을 얘기해요.', '200g 분할 후 중간발효 20분을 한다.', '중간 발효된 반죽은 둥글게 성형한다.', '스프레이를 뿌린 후 덧가루를 묻혀 50분 동안 2차 발효 한다.', 'X모양 칼집을 주고 195℃ 12분 스팀 5초로 설정하여 굽는다.\n★칼집은 날이 얇은 면도칼 등을 이용하면 좋아요.']",304.0,50.51,9.18,7.22,11.22
119,곶감 베이글,"(반죽) 통밀가루 200g, 강력밀가루 150g, 인스턴트 드라이 이스트 8g, 사과종 30ml, 물 220ml, 소금 6g, 카놀라유 20g, 레몬 제스트 1개, 곶감 88g","['레몬의 겉껍질로 제스트를 만들고, 곶감은 작은 다이스로 썬다.', '물에 만들어 놓은 레몬 제스트와 소금, 이스트, 사과종, 카놀라유를 넣고 섞어준 뒤 통밀가루와, 강력분을 넣고 반죽해 겉표면이 매끄럽고 탄력성을 가질 때 까지 치댄다.', '반죽에 비닐을 덮어 40~50℃에서 2배가 부풀 때까지 1차발효하고, 발효가 끝난 반죽은 기포를 빼준 뒤 75g씩 분할해 둥글리기하고 비닐을 씌워 다시 15분간 중간 발효한다.', '반죽은 가스를 살짝 빼주고 타원형으로 밀고, 곶감을 올려 삼절 접기한 다음 이음새를 꼬집고 양쪽을 붙여 원형모양으로 성형하여 30분간 2차 발효한다.', '발효된 반죽은 끓는 물에 앞, 뒤로 10초간 데쳐내고 팬닝한다.', '200도로 예열된 오븐에서 17분간 굽는다.']",285.0,55.76,9.84,2.55,8.51
120,단호박크림을 곁들인 브로콜리 베이글,"(반죽) 강력분 225g, 물 40ml, 블루베리 발효원종 550g, 소금 3g, 올리브유 15g, 브로콜리 100g (속) 단호박 600g, 생크림 250g","['(속재료) 익힌 단호박과 생크림을 믹싱하여 단호박 크림을 만든다.\n★ 단호박은 쪄서 사용하는게 좋아요.', '브로콜리를 제외한 반죽 재료를 넣고 최종단계까지 믹싱한 후 삶아서 다진 브로콜리를 넣고 섞어준다. 1차 발효를 고온발효로 27℃에서 1시간 발효한다.', '130g씩 분할하여 둥글리기 후 중간 발효를 20분간 한다.', '반죽을 30cm ~35cm 정도 늘린 후 링 모양으로 정형하여 팬닝한 후 35℃, 85%의 습도 환경에서 60분간 2차 발효 해주고 끓는 물에 양쪽 면을 데친다.', '210℃에서 15분간 구워주고 식힘망에서 식힌다.', '""식은 빵을 갈라 단호박 크림을 샌드한다.\n★빵이 식은 후 크림을 올려야 녹지 않아요.""']",242.0,37.22,7.76,6.93,0.98
121,속이 든든든한 밥 빵,"(반죽) 강력 쌀가루 240g, 불린밥 100g, 물 150ml, 이스트 4g, 소금 4g, 코코넛 오일 12g (속) 단호박 700g, 옥수수 100g","['(속재료) 익혀 낸 단호박과 옥수수 알을 섞어준다.', '쌀가루, 소금, 불린 밥, 물을 넣고 한 덩어리가 되게 반죽한 다음 코코넛 오일을 넣고 부드러워질 때까지 반죽한다.', '""반죽의 크기가 두 배가 될 때까지 발효한다. \n★손으로 반죽을 눌렀을 때 자국이 남아 있으면 발효가 잘 된 거예요.""', '반죽을 얇은 직사각형(크기 약 35cm ×28cm, 두께 약 0.5cm )으로 밀어 위에 속재료를 바르고 말아준다.', '말린 반죽을 약 4cm 크기로 잘라 머핀틀에 넣어 틀에 꽉 찰때까지 발효한다. ', '위에 우유를 발라 윗불 180℃, 아랫불 160℃ 예열된 오븐에 20~25분 굽는다.']",228.0,41.59,8.52,3.06,5.35
122,참외지 리코타버무리,"참외(110g), 아몬드(5g), 소금(1g), 설탕(2g), 레몬즙(15g), 올리브유(2g), 유자청(5g), 리코타치즈(15g)","['참외는 껍질을 벗기고 반 갈라 속을 파내고, 파낸 속은 면포에 감싸 즙을 짠다.', '과육은 필러로 얇게 저민 뒤 손으로 즙을 꼭 짠다.', '참외즙에 끓는 물(50㎖)과 양념을 넣어 고루 섞는다.', '양념을 섞은 참외즙에 얇게 저민 참외 과육을 넣어 냉장실에서 20분간 절인다.', '소스를 만든다.', '절인 참외 과육을 찬물에 헹궈 물기를 꼭 짠 뒤 그릇에 담고 소스와 아몬드를 곁들인다.']",203.9,16.3,5.4,13.0,100.3
123,과일 피클 젤리,"방울토마토(50g), 바나나(80g), 청포도(50g), 젤라틴(7.5g), 한천가루(0.25g), 피클링 스파이스(5g), 사과식초(10g), 설탕(3g), 올리고당(5g), 소금(1g)","['과일은 한입 크기로 썬다.', '젤라틴은 찬물에 불린다.', '냄비에 물(100㎖), 양념을 넣어 끓인 뒤 피클링 스파이스를 체로 거른다.', '③에 불린 젤라틴과 한천가루를 넣어 녹인 뒤 한 김 식힌다.', '유리 용기에 손질한 과일을 담고 식힌 ④의 젤라틴 물을 붓는다.', '냉장실에서 1시간 30분간 굳혀 마무리한다.']",78.9,14.5,4.7,0.2,169.5
124,바나나 쑥두부푸딩,"흰강낭콩(30g), 두부(140g), 우유(40g), 올리고당(50g), 바나나(1개), 쑥 파우더(1g), 아몬드(2g)","['흰강낭콩은 물에 담가 8시간 불렸다가 건진 뒤 끓는 물에 20분간 삶는다.', '끓는 물에 두부를 살짝 데쳐 건진다.', '믹서에 데친 두부, 삶은 흰강낭콩, 우유, 올리고당, 바나나(½분량)를 넣어 곱게 간다.', '믹서에 데친 두부, 삶은 흰강낭콩, 우유, 올리고당, 바나나(½분량)를 넣어 곱게 간다.', '나머지 바나나는 한입 크기로 썰고 아몬드와 함께 푸딩 위에 올린다.']",482.8,61.7,22.4,16.3,70.6
125,요거트 단호박 샐러드,"단호박(100g), 감자(5g), 표고버섯(5g), 불린 곤드레나물(10g), 불린 쌀(30g), 건포도(5g), 건무화과(5g), 볶은 호두(5g), 볶은 아몬드 슬라이스(5g), 라즈베리(5g), 요거트(20g)","['단호박은 껍질을 벗겨 찜기에 넣어 5분간 찐 뒤 으깬다.', '감자와 표고버섯은 채 썰고, 불린 곤드레나물은 잘게 썬다.', '냄비에 불린 쌀, 채 썬 감자와 표고버섯, 불린 곤드레나물, 물(20㎖)을 넣어 센 불로 5분 30초간 끓인다.', '오븐 팬에 감자곤드레밥을 얇게 편 뒤 180℃로 예열한 오븐에 구워 누룽지를 만든다.', '으깬 단호박에 건과일과 볶은 호두, 볶은 아몬드 슬라이스를 넣어 고루 섞는다.', '그릇에 건과일과 견과류를 섞은 단호박을 예쁘게 담고 곤드레 누룽지와 라즈베리, 요거트를 올린다.']",270.6,48.1,8.5,4.9,36.2
126,삼각김밥 빵,"(반죽) 쌀가루 200g, 우유 80g, 물 15ml, 르뱅 발효종 160g, 달걀 50g(1개), 소금 3g, 올리브유 25g, 양파 30g, 당근 30g, 먹물 가루 30g (속) 토마토 250g, 양파 150g, 피망 60g, 마늘 20g, 닭가슴살 300g, 오레가노 5g, 바질가루 5g, 월계수잎 5g, 후추 5g, 소금5g, 고추5g, 고춧가루5g,모짜렐라 치즈 50g","['(속재료) 양파, 마늘, 토마토, 파프리카, 닭가슴살을 다져 올리브유를 두른 팬에 볶아준 후에 월계수 잎을 넣고 졸이다가 고추, 오레가노, 바질가루, 고춧가루, 소금, 후추를 넣고 간을 맞춘다.', '반죽재료를 모두 넣고 1단으로 믹싱한 후 올리브유를 넣고 최종단계 직전까지 믹싱이 되면 다진 양파와 당근을 넣고 최종단계까지 믹싱한다.', '1차 발효(30분~40분)후에 반죽을 각 70g씩 총 3개로 분할하여 둥글리기 한 후 랩을 덮어 중간발효(10분)를 한다.', '반죽을 손 위에 놓고 납작하게 눌러서 속재료 40g과 모짜렐라치즈 10g을 넣고 봉합 한 뒤에 삼각형 모양으로 만든다.\n★이음새가 벌어지면 구우면서 반죽이 터져지니 꼼꼼히 붙여주세요.', '팬닝 후 2차 발효(30분)를 한다.', '윗불 160℃, 아랫불 180℃에서 15분 동안 굽는다.']",212.0,31.83,10.81,4.64,3.79
127,병아리콩 컵케이크,"불린 병아리콩(100g), 바나나(1½개), 무가당 코코아 파우더(3g), 다크초콜릿(30g), 아몬드가루(50g), 달걀노른자(1개), 우유(130g), 식용유(10ml), 아몬드 슬라이스(1g), 병아리콩 삶은 물(50ml), 무가당 휘핑크림(50g), 올리고당(15g), 바나나(½개)","['불린 병아리콩은 끓는 물(3컵)에 30~40분간 끓여 건지고, 병아리콩 삶은 물(50㎖)은 한 김 식혀 냉장실에 넣는다.', '삶은 병아리콩, 바나나(½개), 무가당 코코아 파우더, 다크 초콜릿, 아몬드가루, 달걀노른자, 우유는 믹서에 넣어 곱게 갈아 반죽을 만든다.', '중간 불로 달군 팬에 식용유(10㎖)를 두른 뒤 컵 사이즈에 맞게 반죽을 올려 앞뒤로 노릇하게 굽는다.', '냉장실에서 병아리콩물을 꺼내 휘핑해 두고, 무가당 휘핑크림에 올리고당을 넣고 휘핑한 뒤 바나나(½개)를 으깨 고루 섞는다.', '④의 병아리콩물과 바나나무가당크림을 모두 섞고, 바나나(1개)는 얇게 썬다.', '컵에 구운 시트 → 얇게 썬 바나나 → 크림을 반복하여 쌓고 아몬드 슬라이스를 올린다.']",825.2,70.6,21.5,50.8,91.6
128,군고구마 라떼,"고구마(100g), 우유(200g), 고구마칩(5g)","['고구마를 쿠킹호일에 싸 직화냄비에 넣고 약한 불에서\n30분 간 굽는다.', '우유를 냄비에 끓여 데운다.', '구운 고구마의 껍질을 제거한다.', '우유와 고구마를 믹서에 넣고 간다.', '4번을 체에 걸러 부드럽게 한다.', '컵에 담고 고구마칩을 올린다.']",247.2,39.0,6.9,7.1,21.0
